Time,Anode vConcentration,Anode vPhi,Anode vSEI Length
0.0,22610.7,0.12463993245036616,5e-09
144.57831325301206,22524.624707854713,0.12496039510717497,5e-09
289.1566265060241,22445.271661445066,0.12525412022340876,5e-09
433.73493975903614,22365.918422799372,0.12554804779750492,5e-09
578.3132530120482,22286.565179731275,0.12584212232348413,5e-09
722.8915662650603,22207.211934422157,0.1261363789149168,5e-09
867.4698795180723,22127.858689073288,0.12643074908601937,5e-09
1012.0481927710844,22048.50544372471,0.12672521527024544,5e-09
1156.6265060240964,21969.152198376145,0.1270196861969067,5e-09
1301.2048192771085,21889.798953027213,0.127314190402668,5e-09
1445.7831325301206,21810.445707678187,0.12760867438933138,5e-09
1590.3614457831327,21731.09246232976,0.12790307149055322,5e-09
1734.9397590361446,21651.739216981365,0.1281974642347235,5e-09
1879.5180722891566,21572.385971632484,0.12849170825421344,5e-09
2024.0963855421687,21493.032726283156,0.12878581220678842,5e-09
2168.674698795181,21413.679480934385,0.12907966516394187,5e-09
2313.253012048193,21334.326235585635,0.12937350559915567,5e-09
2457.8313253012047,21254.972990236653,0.12966703372275193,5e-09
2602.409638554217,21175.619744888296,0.12996031387923904,5e-09
2746.987951807229,21096.266499539073,0.1302531950543173,5e-09
2891.566265060241,21016.913254189803,0.1305460563446413,5e-09
3036.144578313253,20937.56000884086,0.13083845757436022,5e-09
3180.7228915662654,20858.206763491922,0.13113051323365307,5e-09
3325.3012048192772,20778.853518143016,0.13142203585246018,5e-09
3469.879518072289,20699.50027279411,0.13171353191649848,5e-09
3614.4578313253014,20620.14702744518,0.13200443388142158,5e-09
3759.0361445783133,20540.793782096735,0.13229490160736515,5e-09
3903.6144578313256,20461.440536748265,0.132584714346048,5e-09
4048.1927710843374,20382.087291399792,0.13287449446249483,5e-09
4192.77108433735,20302.73404605099,0.1331635583964256,5e-09
4337.349397590362,20223.380800702806,0.13345210723373724,5e-09
4481.9277108433735,20144.027555353663,0.13373988975503276,5e-09
4626.506024096386,20064.67431000447,0.13402763411485408,5e-09
4771.084337349398,19985.321064655313,0.13431455071916293,5e-09
4915.6626506024095,19905.9678193062,0.13460087825719433,5e-09
5060.240963855422,19826.614573957082,0.1348863375437623,5e-09
5204.819277108434,19747.26132860796,0.13517175359693684,5e-09
5349.397590361446,19667.908083259077,0.13545623965175138,5e-09
5493.975903614458,19588.554837909818,0.13574006880727926,5e-09
5638.55421686747,19509.20159256078,0.1360229361766214,5e-09
5783.132530120482,19429.84834721175,0.13630575565860728,5e-09
5927.710843373494,19350.495101863307,0.13658755127812686,5e-09
6072.289156626506,19271.1418565143,0.13686862770024713,5e-09
6216.8674698795185,19191.78861116511,0.13714865641333887,5e-09
6361.445783132531,19112.435365815913,0.1374286329638414,5e-09
6506.024096385542,19033.082120466956,0.13770749941751562,5e-09
6650.6024096385545,18953.728875118588,0.13798558944214456,5e-09
6795.180722891567,18874.37562976997,0.1382625528410123,5e-09
6939.759036144578,18795.022384421336,0.1385394601506697,5e-09
7084.3373493975905,18715.669139072368,0.13881517819330594,5e-09
7228.915662650603,18636.31589372409,0.13909006729518356,5e-09
7373.493975903615,18556.962648375502,0.13936375742378054,5e-09
7518.0722891566265,18477.609403026898,0.13963738786344312,5e-09
7662.650602409639,18398.25615767789,0.13990975653526244,5e-09
7807.228915662651,18318.90291232938,0.14018124824255887,5e-09
7951.8072289156635,18239.549666980794,0.14045147492162133,5e-09
8096.385542168675,18160.196421632205,0.14072163862518228,5e-09
8240.963855421687,18080.843176283553,0.1409904744983279,5e-09
8385.5421686747,18001.48993093487,0.14125838975003518,5e-09
8530.120481927712,17922.136685585254,0.14152498009112058,5e-09
8674.698795180724,17842.783440235587,0.1417915044773506,5e-09
8819.277108433735,17763.430194886478,0.14205664133930782,5e-09
8963.855421686747,17684.076949537975,0.14232081827920395,5e-09
9108.43373493976,17604.723704189233,0.142583616636312,5e-09
9253.012048192772,17525.370458840476,0.14284634636832796,5e-09
9397.590361445784,17446.017213491617,0.14310763534561882,5e-09
9542.168674698796,17366.663968142373,0.1433679295593674,5e-09
9686.746987951808,17287.310722792583,0.1436267979292433,5e-09
9831.325301204819,17207.957477442767,0.14388559532293566,5e-09
9975.903614457831,17128.604232094058,0.14414290546098346,5e-09
10120.481927710844,17049.250986745243,0.14439919067536308,5e-09
10265.060240963856,16969.8977413963,0.1446540095698778,5e-09
10409.638554216868,16890.54449604735,0.14490875547491144,5e-09
10554.21686746988,16811.19125069828,0.14516197480241305,5e-09
10698.795180722893,16731.8380053492,0.14541414407827902,5e-09
10843.373493975903,16652.48476000036,0.14566481390517252,5e-09
10987.951807228916,16573.13151465153,0.1459154090950792,5e-09
11132.530120481928,16493.778269302762,0.14616444621415708,5e-09
11277.10843373494,16414.425023953638,0.14641241367775124,5e-09
11421.686746987953,16335.071778605083,0.14665885667921844,5e-09
11566.265060240965,16255.71853325656,0.14690522380030355,5e-09
11710.843373493977,16176.36528790789,0.14715001005746078,5e-09
11855.421686746988,16097.01204255878,0.1473937132287474,5e-09
12000.0,16017.658797210042,0.14763587604190237,5e-09
12144.578313253012,15938.305551861326,0.1478779621852677,5e-09
12289.156626506025,15858.952306512576,0.14811845449306543,5e-09
12433.734939759037,15779.599061163695,0.1483578572850446,5e-09
12578.31325301205,15700.245815815193,0.14859571420410395,5e-09
12722.891566265062,15620.89257046671,0.14883349418092104,5e-09
12867.469879518072,15541.53932511784,0.1490696785768805,5e-09
13012.048192771084,15462.18607976856,0.14930477505686435,5e-09
13156.626506024097,15382.832834419558,0.1495383320946801,5e-09
13301.204819277109,15303.479589070568,0.14977181251267502,5e-09
13445.783132530121,15224.126343721837,0.15000370856047907,5e-09
13590.361445783134,15144.773098373062,0.15023452758346897,5e-09
13734.939759036146,15065.41985302379,0.15046382745005543,5e-09
13879.518072289156,14986.066607674493,0.15069305170922367,5e-09
14024.096385542169,14906.713362325463,0.15092071786836578,5e-09
14168.674698795181,14827.360116976855,0.15114732871449524,5e-09
14313.253012048193,14748.006871627922,0.15137245685308803,5e-09
14457.831325301206,14668.65362627897,0.15159751120160408,5e-09
14602.409638554218,14589.300380930348,0.1518210551376937,5e-09
14746.98795180723,14509.947135581304,0.15204358564178816,5e-09
14891.566265060243,14430.593890232847,0.15226464685218988,5e-09
15036.144578313253,14351.2406448844,0.1524856831534604,5e-09
15180.722891566265,14271.887399535526,0.15270525362528378,5e-09
15325.301204819278,14192.53415418689,0.15292385140913708,5e-09
15469.87951807229,14113.180908837969,0.15314109377714216,5e-09
15614.457831325302,14033.82766348905,0.15335828578020516,5e-09
15759.036144578315,13954.474418140293,0.1535740979978497,5e-09
15903.614457831327,13875.121172791312,0.15378898793857512,5e-09
16048.192771084337,13795.767927442503,0.154002707414366,5e-09
16192.77108433735,13716.414682093688,0.15421630304923362,5e-09
16337.349397590362,13637.061436744709,0.15442865248432336,5e-09
16481.927710843374,13557.70819139578,0.15464015604304235,5e-09
16626.506024096387,13478.354946046802,0.15485068445144715,5e-09
16771.0843373494,13399.00170069788,0.15506103180871186,5e-09
16915.66265060241,13319.64845534894,0.15527030091530988,5e-09
17060.240963855424,13240.29520999995,0.15547883102510354,5e-09
17204.819277108436,13160.941964651238,0.1556865909635397,5e-09
17349.39759036145,13081.588719302556,0.15589413757250417,5e-09
17493.975903614457,13002.23547395355,0.15610081125988962,5e-09
17638.55421686747,12922.882228604589,0.15630688847244822,5e-09
17783.13253012048,12843.528983255908,0.1565124092464996,5e-09
17927.710843373494,12764.175737907228,0.15671772039639414,5e-09
18072.289156626506,12684.8224925583,0.15692240426648016,5e-09
18216.86746987952,12605.469247209323,0.15712667574986533,5e-09
18361.44578313253,12526.1160018602,0.15733061209864163,5e-09
18506.024096385543,12446.762756511262,0.15753439252149465,5e-09
18650.602409638555,12367.409511162485,0.1577378343264685,5e-09
18795.180722891568,12288.056265813888,0.15794109617591368,5e-09
18939.75903614458,12208.703020464993,0.15814425024308265,5e-09
19084.337349397592,12129.3497751162,0.1583473697389091,5e-09
19228.915662650605,12049.996529767384,0.1585504845898877,5e-09
19373.493975903617,11970.643284418591,0.15875370799136654,5e-09
19518.07228915663,11891.290039069765,0.15895705506839036,5e-09
19662.650602409638,11811.936793720775,0.15916057875103043,5e-09
19807.22891566265,11732.583548372024,0.15936447869342993,5e-09
19951.807228915663,11653.23030302312,0.15956884055942766,5e-09
20096.385542168675,11573.87705767433,0.15977355921623163,5e-09
20240.963855421687,11494.523812325497,0.15997878317421058,5e-09
20385.5421686747,11415.170566976689,0.1601848118462961,5e-09
20530.12048192771,11335.817321627685,0.16039173064546366,5e-09
20674.698795180724,11256.464076279002,0.16059923795752876,5e-09
20819.277108433736,11177.11083093034,0.16080773125984332,5e-09
20963.85542168675,11097.75758558147,0.1610175044606795,5e-09
21108.43373493976,11018.40434023238,0.16122868207389723,5e-09
21253.012048192773,10939.051094883256,0.16144067476576598,5e-09
21397.590361445786,10859.697849534507,0.16165422588348663,5e-09
21542.168674698798,10780.344604185657,0.16186978201892577,5e-09
21686.746987951807,10700.991358836918,0.16208725257888074,5e-09
21831.32530120482,10621.638113488207,0.16230578707267898,5e-09
21975.90361445783,10542.284868139424,0.16252674600528016,5e-09
22120.481927710844,10462.931622790516,0.1627502854527762,5e-09
22265.060240963856,10383.578377441692,0.16297647227200607,5e-09
22409.63855421687,10304.22513209291,0.1632042339378708,5e-09
22554.21686746988,10224.871886743917,0.16343505990213394,5e-09
22698.795180722893,10145.518641395169,0.16366931696998174,5e-09
22843.373493975905,10066.165396046232,0.16390709882385804,5e-09
22987.951807228917,9986.812150697373,0.16414714753438484,5e-09
23132.53012048193,9907.458905348763,0.16439089727336575,5e-09
23277.108433734942,9828.10566,0.16463912701869857,5e-09
23421.686746987954,9748.752414651224,0.16489191523283603,5e-09
23566.265060240967,9669.399169302542,0.16514789507714273,5e-09
23710.843373493975,9590.045923953774,0.16540817640233957,5e-09
23855.421686746988,9510.69267860498,0.16567424892534757,5e-09
24000.0,9431.339433256571,0.16594607692488675,5e-09
24144.578313253012,9351.986187908182,0.16622226315887967,5e-09
24289.156626506025,9272.632942559536,0.16650337903844104,5e-09
24433.734939759037,9193.279697210563,0.16679188870177636,5e-09
24578.31325301205,9113.926451861867,0.1670875159027718,5e-09
24722.89156626506,9034.57320651313,0.16738885617130228,5e-09
24867.469879518074,8955.219961164246,0.16769602580990256,5e-09
25012.048192771086,8875.866715815386,0.168012378569967,5e-09
25156.6265060241,8796.513470466696,0.16833741074340391,5e-09
25301.20481927711,8717.160225118036,0.16866979044014635,5e-09
25445.783132530123,8637.806979769268,0.16900915038716746,5e-09
25590.361445783135,8558.453734420353,0.16935970391809266,5e-09
25734.939759036144,8479.100489071649,0.16972073242194152,5e-09
25879.518072289156,8399.747243722968,0.17009106152447373,5e-09
26024.09638554217,8320.393998374137,0.1704698821982246,5e-09
26168.67469879518,8241.040753025343,0.17086211465353848,5e-09
26313.253012048193,8161.687507676632,0.17126687720716835,5e-09
26457.831325301206,8082.334262328039,0.1716832542475789,5e-09
26602.409638554218,8002.981016979415,0.17211013904702757,5e-09
26746.98795180723,7923.627771630632,0.1725528332367715,5e-09
26891.566265060243,7844.274526281764,0.17300957752155544,5e-09
27036.144578313255,7764.921280932853,0.17348049328138293,5e-09
27180.722891566267,7685.568035584124,0.1739674143567182,5e-09
27325.30120481928,7606.214790235175,0.1744708730160811,5e-09
27469.879518072292,7526.861544886105,0.17499131424961184,5e-09
27614.457831325304,7447.508299537201,0.1755290018579378,5e-09
27759.036144578313,7368.155054188305,0.17608570287138947,5e-09
27903.614457831325,7288.801808839546,0.17666198175671946,5e-09
28048.192771084337,7209.448563490712,0.1772586256511087,5e-09
28192.77108433735,7130.095318141868,0.17787638192931093,5e-09
28337.349397590362,7050.742072793009,0.17851651322310302,5e-09
28481.927710843374,6971.38882744422,0.1791800762864319,5e-09
28626.506024096387,6892.035582095468,0.1798675758179704,5e-09
28771.0843373494,6812.682336746615,0.1805806302814927,5e-09
28915.66265060241,6733.329091397814,0.1813201027678601,5e-09
29060.240963855424,6653.975846048889,0.18208771175706867,5e-09
29204.819277108436,6574.622600700005,0.18288330360073163,5e-09
29349.39759036145,6495.269355351204,0.18370946642879926,5e-09
29493.97590361446,6415.916110002446,0.18456693931192195,5e-09
29638.554216867473,6336.56286465364,0.18545786948122212,5e-09
29783.132530120485,6257.209619304963,0.18638167758812194,5e-09
29927.710843373494,6177.856373956153,0.1873418548275291,5e-09
30072.289156626506,6098.5031286073845,0.18833897614339695,5e-09
30216.86746987952,6019.149883258474,0.18937575854091532,5e-09
30361.44578313253,5939.796637909673,0.19045123678299633,5e-09
30506.024096385543,5860.443392560836,0.191569757633321,5e-09
30650.602409638555,5781.090147212034,0.1927317403780192,5e-09
30795.180722891568,5701.736901863173,0.1939404812178343,5e-09
30939.75903614458,5622.383656514254,0.1951949107264549,5e-09
31084.337349397592,5543.030411165384,0.19650002003940667,5e-09
31228.915662650605,5463.677165816572,0.19785612331059052,5e-09
31373.493975903617,5384.323920467796,0.19926704915532828,5e-09
31518.07228915663,5304.9706751189815,0.2007320907891581,5e-09
31662.65060240964,5225.617429770119,0.2022564205975414,5e-09
31807.228915662654,5146.264184421216,0.2038405915231944,5e-09
31951.807228915663,5066.910939072348,0.20548860339243863,5e-09
32096.385542168675,4987.557693723526,0.20720090245701236,5e-09
32240.963855421687,4908.204448374734,0.20898216825058433,5e-09
32385.5421686747,4828.851203025957,0.2108335516229479,5e-09
32530.12048192771,4749.497957677225,0.21275888178709396,5e-09
32674.698795180724,4670.144712328363,0.21476065606365208,5e-09
32819.27710843374,4590.7914669795355,0.21684224370631633,5e-09
32963.85542168675,4511.438221630748,0.2190058667701695,5e-09
33108.43373493976,4432.084976281928,0.22125631371625043,5e-09
33253.01204819277,4352.731730933031,0.22359451696120675,5e-09
33397.590361445786,4273.378485584152,0.22602602164953506,5e-09
33542.1686746988,4194.025240235343,0.22855336654506928,5e-09
33686.74698795181,4114.67199488649,0.23118184760986923,5e-09
33831.32530120482,4035.3187495376033,0.23391181198615374,5e-09
33975.903614457835,3955.9655041887777,0.23675012597153264,5e-09
34120.48192771085,3876.612258839973,0.2396998469349284,5e-09
34265.06024096386,3797.259013491176,0.24276607789323074,5e-09
34409.63855421687,3717.905768142374,0.2459507869414244,5e-09
34554.216867469884,3638.5525227936814,0.2492604560484458,5e-09
34698.7951807229,3559.199277444909,0.25269860512834613,5e-09
34843.37349397591,3479.8460320961453,0.25627044858490217,5e-09
34987.951807228914,3400.492786747315,0.25998078420064014,5e-09
35132.530120481926,3321.1395413984665,0.26383416587639696,5e-09
35277.10843373494,3241.7862960496727,0.2678353874216836,5e-09
35421.68674698795,3162.4330507008826,0.27199033042647125,5e-09
35566.26506024096,3083.079805352062,0.27630422888305967,5e-09
35710.843373493975,3003.7265600032483,0.28078326599834774,5e-09
35855.42168674699,2924.373314654459,0.28542996968673234,5e-09
36000.0,2845.020069305658,0.2902535694383909,5e-09
36000.0,2845.020069305658,0.19995091120461575,5e-09
36144.57831325301,2931.093487711088,0.19566440271991972,5.000045705394037e-09
36289.156626506025,3010.4453035277015,0.19188806299042488,5.0000950278131885e-09
36433.73493975904,3089.7968718125803,0.18825112736896832,5.000147975216187e-09
36578.31325301205,3169.1483295101966,0.18475022864051013,5.000204684007758e-09
36722.89156626506,3248.499657559919,0.18138008520334964,5.000265589033376e-09
36867.469879518074,3327.8508670786364,0.17813715820427964,5.00033029428734e-09
37012.048192771086,3407.201946994381,0.17501704633726303,5.000399132713712e-09
37156.6265060241,3486.552896602049,0.17201809965012316,5.000472127143267e-09
37301.20481927711,3565.9037002897117,0.1691342037189104,5.0005497776759e-09
37445.78313253012,3645.254375430304,0.16636227343862164,5.000631530043271e-09
37590.361445783135,3724.604912885714,0.16369853875224544,5.000717676924247e-09
37734.93975903615,3803.955311862337,0.16114069707974835,5.000808244261611e-09
37879.51807228916,3883.3055549119267,0.15868410986904496,5.00090379067445e-09
38024.09638554217,3962.6556651568662,0.15632436110768724,5.001003578278164e-09
38168.67469879518,4042.0056339844205,0.1540596906939144,5.001107882849015e-09
38313.25301204819,4121.3554619411325,0.15188652950897485,5.001216687687564e-09
38457.8313253012,4200.705128657329,0.1498020353439574,5.001330644564528e-09
38602.409638554214,4280.054662353917,0.14780060564078645,5.001448852485493e-09
38746.98795180723,4359.404055039646,0.14588195426828632,5.001571567419772e-09
38891.56626506024,4438.753308182706,0.1440422579445027,5.001698743134701e-09
39036.14457831325,4518.102402065996,0.14227910140624733,5.001831010355497e-09
39180.72289156626,4597.451364754684,0.14058760775878462,5.001967472850552e-09
39325.301204819276,4676.800191865733,0.1389672920838486,5.002108271304746e-09
39469.87951807229,4756.148884586504,0.1374147688596035,5.002253368262177e-09
39614.4578313253,4835.497424867237,0.13592752463941613,5.0024033410170024e-09
39759.03614457831,4914.845837270134,0.1345025336789489,5.002557405060877e-09
39903.614457831325,4994.194123749224,0.13313784628035272,5.0027154985090695e-09
40048.19277108434,5073.542283273928,0.1318314139581771,5.002877654532512e-09
40192.77108433735,5152.8902994019,0.13058079669429212,5.003044399000144e-09
40337.34939759036,5232.238195178613,0.12938289108115317,5.0032149955771224e-09
40481.927710843374,5311.585976737136,0.12823643296216472,5.003389248784002e-09
40626.50602409639,5390.933640067221,0.12713970515751208,5.003567286847554e-09
40771.0843373494,5470.281170803118,0.12609066254023352,5.003749569187838e-09
40915.66265060241,5549.62859116368,0.12508565901715388,5.003935385527597e-09
41060.24096385542,5628.975909540546,0.12412459712935425,5.0041244682633345e-09
41204.819277108436,5708.3231197206205,0.123205716492953,5.004317015893153e-09
41349.39759036145,5787.670209648683,0.12232730662594618,5.0045134138652e-09
41493.97590361446,5867.017199444662,0.12148573754161639,5.004713018731726e-09
41638.55421686747,5946.364099461828,0.12068142672342234,5.0049155002005395e-09
41783.132530120485,6025.710902247511,0.11991268330374678,5.0051210963030955e-09
41927.7108433735,6105.057597724465,0.11917805769581524,5.005330129147974e-09
42072.2891566265,6184.404203107412,0.11847429080362851,5.005542048001137e-09
42216.86746987952,6263.750730417639,0.11780190081025912,5.005756469208245e-09
42361.44578313253,6343.09717216443,0.11715928135577014,5.005973631975294e-09
42506.02409638554,6422.443518901711,0.11654524269836183,5.006193838127225e-09
42650.60240963855,6501.789785048261,0.11595707760338432,5.00641662625916e-09
42795.180722891564,6581.1359838892795,0.11539512896224657,5.006641572216869e-09
42939.75903614458,6660.482108614675,0.11485794490634318,5.0068688934283075e-09
43084.33734939759,6739.828149924854,0.11434452191960867,5.007098886967079e-09
43228.9156626506,6819.17411939934,0.11385280085424997,5.00733118222375e-09
43373.49397590361,6898.520031169892,0.11338278919079682,5.007565327833613e-09
43518.072289156626,6977.86587933631,0.1129332611161736,5.007801512153081e-09
43662.65060240964,7057.2116549751845,0.11250331241466796,5.008040020169803e-09
43807.22891566265,7136.557366659613,0.11209155601247302,5.008280577479503e-09
43951.80722891566,7215.903029046752,0.1116976049433637,5.008522715751826e-09
44096.385542168675,7295.248637643379,0.11132052474825264,5.008766578407272e-09
44240.96385542169,7374.59418312591,0.11095933773322882,5.009012463177141e-09
44385.5421686747,7453.939671622332,0.11061341078520748,5.009260173935084e-09
44530.12048192771,7533.28511795813,0.11028191906537115,5.009509236804614e-09
44674.698795180724,7612.630518350381,0.10996416834330361,5.009759772555505e-09
44819.27710843374,7691.975863690441,0.10965956562758124,5.010012072099513e-09
44963.85542168675,7771.321159460376,0.10936731287050802,5.010265959919698e-09
45108.43373493976,7850.666418982285,0.10908643984394038,5.010521010060629e-09
45253.01204819277,7930.01163939815,0.1088169290064889,5.010777313927888e-09
45397.590361445786,8009.356811302111,0.1085581238142722,5.011035171890559e-09
45542.1686746988,8088.701928581665,0.10830963138324343,5.0112947790939065e-09
45686.74698795181,8168.04700840912,0.10807020824869636,5.011555586349127e-09
45831.32530120482,8247.392062018667,0.10783822752729841,5.011817234153868e-09
45975.90361445783,8326.737082810332,0.10761626691190386,5.012079934375628e-09
46120.48192771085,8406.082054980357,0.10740239447017454,5.01234419135267e-09
46265.06024096385,8485.426994564023,0.1071954977202104,5.0126094922161225e-09
46409.63855421687,8564.77191257189,0.10699437294532853,5.012875484701878e-09
46554.21686746988,8644.116800481912,0.10680106845658549,5.01314244195025e-09
46698.7951807229,8723.461644682713,0.10661430968157776,5.013410798421951e-09
46843.3734939759,8802.806460259702,0.10643278311253457,5.013680071528287e-09
46987.951807228914,8882.151257314981,0.1062556190547369,5.013949938147542e-09
47132.530120481926,8961.496026845503,0.1060846098322486,5.014220686701733e-09
47277.10843373494,9040.840756535112,0.1059186262714181,5.014492710285298e-09
47421.68674698795,9120.185460755982,0.10575643991594622,5.014765549145762e-09
47566.26506024096,9199.530147750758,0.10559753605810016,5.0150389396945924e-09
47710.843373493975,9278.874810054129,0.10544327223783607,5.015313121063736e-09
47855.42168674699,9358.21943541743,0.10529272367735243,5.015588484245574e-09
48000.0,9437.564037766677,0.10514480717919424,5.015864583812282e-09
48144.57831325301,9516.908622780631,0.10499931538758188,5.01614123821726e-09
48289.156626506025,9596.253186045193,0.10485712140572744,5.016418588869628e-09
48433.73493975904,9675.597714389865,0.10471751931396703,5.016697056312523e-09
48578.31325301205,9754.942221586502,0.10457961866105535,5.0169762001318396e-09
48722.89156626506,9834.286710111948,0.10444342764659814,5.0172559411704525e-09
48867.469879518074,9913.63117992744,0.10430937441299316,5.017536280841377e-09
49012.048192771086,9992.97561605552,0.10417695564494826,5.017817697508071e-09
49156.6265060241,10072.320032754924,0.10404550174039799,5.018099735300191e-09
49301.20481927711,10151.664429082528,0.1039151435899068,5.0183824243859505e-09
49445.78313253012,10231.008808776904,0.10378593879619852,5.018665645301283e-09
49590.361445783135,10310.35315532179,0.10365755699291346,5.018949925660703e-09
49734.93975903615,10389.697484003078,0.10352958683625198,5.0192347768995054e-09
49879.51807228915,10469.041791653264,0.10340212049937607,5.0195203002211465e-09
50024.09638554217,10548.386082595445,0.10327501502717441,5.019806357408023e-09
50168.67469879518,10627.73034032171,0.10314804740420071,5.020093475840051e-09
50313.2530120482,10707.074580982433,0.10302109771064323,5.0203811394810894e-09
50457.8313253012,10786.418800021895,0.10289406038432387,5.020669493775724e-09
50602.40963855422,10865.763001887652,0.10276675428260136,5.0209583965192404e-09
50746.98795180723,10945.10716995189,0.10263902175465162,5.021248378934111e-09
50891.566265060246,11024.451321028318,0.10251103030643428,5.021538903942631e-09
51036.14457831325,11103.795450016552,0.10238238815037222,5.02183013423694e-09
51180.72289156626,11183.139561019396,0.10225296428757935,5.022121938667632e-09
51325.301204819276,11262.483637195588,0.10212266311807341,5.022414855293389e-09
51469.87951807229,11341.827694713289,0.1019918533548787,5.022708367772302e-09
51614.4578313253,11421.171731932134,0.10185998735451514,5.023002528165536e-09
51759.03614457831,11500.51574902262,0.10172685685832064,5.0232973309172644e-09
51903.614457831325,11579.85972989379,0.10159250024431564,5.023593290172495e-09
52048.19277108434,11659.203689054932,0.10145735006621019,5.023889942618834e-09
52192.77108433735,11738.547629689707,0.1013208659364205,5.024187186222577e-09
52337.34939759036,11817.89154872329,0.10118283151711163,5.024485119075658e-09
52481.927710843374,11897.2354298413,0.10104319972205876,5.024784262426797e-09
52626.50602409639,11976.57928566433,0.10090248423710346,5.025084213346816e-09
52771.0843373494,12055.923125690351,0.10076034655000825,5.025384668164818e-09
52915.66265060241,12135.266941562058,0.1006162902351097,5.025685893578202e-09
53060.24096385542,12214.610717579586,0.10047038806182931,5.0259883912750365e-09
53204.819277108436,12293.954464129949,0.10032310970057635,5.026291829675207e-09
53349.39759036145,12373.298197480963,0.10017441880658721,5.026595688973292e-09
53493.97590361445,12452.641904244463,0.10002347901476877,5.026900396407618e-09
53638.55421686747,12531.985569025643,0.09987049957307471,5.027206443992435e-09
53783.13253012048,12611.329199526032,0.09971585116227753,5.02751358589501e-09
53927.7108433735,12690.672819311478,0.09955987208236966,5.027821069357503e-09
54072.2891566265,12770.016410270187,0.09940135254433564,5.028129472294788e-09
54216.86746987952,12849.359956976825,0.09924064640667095,5.028439287787249e-09
54361.44578313253,12928.703463892552,0.09907797973009155,5.0287503734536555e-09
54506.02409638555,13008.046962453698,0.09891411614761839,5.029061725348685e-09
54650.60240963855,13087.390430235002,0.098747458673221,5.029374058921426e-09
54795.18072289157,13166.733851397095,0.09857850763838029,5.029687880590208e-09
54939.75903614458,13246.077226504392,0.09840730669203929,5.030003172361818e-09
55084.337349397596,13325.420595457395,0.0982350786040022,5.030318660147275e-09
55228.9156626506,13404.763932069594,0.09805983988582707,5.030635179298548e-09
55373.49397590362,13484.107219637748,0.09788223467714478,5.030953263940814e-09
55518.072289156626,13563.450454073136,0.09770209293487415,5.031273044616964e-09
55662.65060240964,13642.793684340651,0.09752111746369777,5.031592957950167e-09
55807.22891566265,13722.136881216122,0.0973369493314263,5.031913936055749e-09
55951.80722891566,13801.480026601907,0.09715037065045147,5.032236557715728e-09
56096.385542168675,13880.823110898244,0.09696097175013198,5.032561129399474e-09
56240.96385542169,13960.166192727866,0.09677094668021832,5.032885779516998e-09
56385.5421686747,14039.509240752977,0.09657757930091262,5.033211507409897e-09
56530.12048192771,14118.852234856964,0.09638178173891253,5.033538956477638e-09
56674.698795180724,14198.195158967086,0.09618288308185928,5.033868639830022e-09
56819.27710843374,14277.538081940076,0.09598357274091297,5.034198359268363e-09
56963.85542168675,14356.880971474899,0.09578080033039423,5.0345291446150514e-09
57108.43373493976,14436.22380470538,0.09557559871034833,5.034861727255523e-09
57253.01204819277,14515.566558013465,0.09536701753733455,5.035196861108787e-09
57397.590361445786,14594.909311043513,0.09515824069139545,5.0355320037410915e-09
57542.1686746988,14674.252031850021,0.09494590601161032,5.035868173335054e-09
57686.7469879518,14753.594693875722,0.09473115370000586,5.0362062192747095e-09
57831.32530120482,14832.937265872242,0.09451277764874326,5.036547139105996e-09
57975.90361445783,14912.27983753555,0.0942943881857583,5.036888069573946e-09
58120.48192771085,14991.622377966714,0.09407234131323546,5.0372299951946195e-09
58265.06024096385,15070.964855208793,0.09384782746741897,5.037573937848955e-09
58409.63855421687,15150.307241852384,0.09361980295342398,5.037920772561181e-09
58554.21686746988,15229.649624054357,0.09339160633748471,5.0382677490575025e-09
58698.7951807229,15308.991973064502,0.09315977767522769,5.038615783263012e-09
58843.3734939759,15388.334254925472,0.09292546514721309,5.0389659609307405e-09
58987.95180722892,15467.676440643481,0.09268762360250123,5.039319207674014e-09
59132.530120481926,15547.018621575839,0.09244960640637521,5.039672607184913e-09
59277.108433734946,15626.360767264607,0.09220793933783249,5.040027129827098e-09
59421.68674698795,15705.702841663911,0.09196377727932258,5.040383928131989e-09
59566.26506024097,15785.04481402369,0.09171607245191819,5.040743983771025e-09
59710.843373493975,15864.386781304318,0.09146819128974208,5.041104201547953e-09
59855.42168674699,15943.728711190482,0.09121664794366886,5.041465611041103e-09
60000.0,16023.070565446173,0.09096260236494437,5.041829434789934e-09
60144.57831325301,16102.4123114812,0.09070500514480907,5.042196713247786e-09
60289.156626506025,16181.754052129425,0.09044723114906919,5.042564163667553e-09
60433.73493975904,16261.095753127654,0.09018578706884477,5.042932877716891e-09
60578.31325301205,16340.437373943436,0.08992183612196161,5.043304151353096e-09
60722.89156626506,16419.77888005475,0.08965432782070663,5.043679086711373e-09
60867.469879518074,16499.120380456538,0.08938664245997142,5.044054204335339e-09
61012.048192771086,16578.46183884225,0.0891152818328786,5.044430661029465e-09
61156.6265060241,16657.80321226955,0.08884141121203758,5.04480982979198e-09
61301.20481927711,16737.14446418729,0.08856397919079825,5.045192877542454e-09
61445.78313253012,16816.485710056793,0.08828636990890783,5.045576118372749e-09
61590.361445783135,16895.826911426077,0.08800508142501617,5.045960777473199e-09
61734.93975903615,16975.16802282234,0.08772128036557214,5.046348308752948e-09
61879.51807228915,17054.509005560674,0.08743391421949817,5.04673994724837e-09
62024.09638554217,17133.849981894968,0.08714637062927898,5.0471317901834054e-09
62168.67469879518,17213.190911118454,0.08685514385328555,5.047525134614327e-09
62313.2530120482,17292.53174509767,0.08656140161652277,5.047921519512768e-09
62457.8313253012,17371.872442902113,0.08626408980798529,5.048322251623314e-09
62602.40963855422,17451.21313392837,0.08596660033183849,5.048723200119106e-09
62746.98795180723,17530.553775097287,0.0856654224850371,5.0491257376642735e-09
62891.566265060246,17609.894315475245,0.08536172522893068,5.049531492762693e-09
63036.14457831325,17689.234711764122,0.08505445207372744,5.0499418477487835e-09
63180.72289156627,17768.575100880887,0.08474700093557405,5.05035243169692e-09
63325.301204819276,17847.91543724741,0.08443585399632032,5.050764696915686e-09
63469.879518072295,17927.255666978137,0.08412218194311935,5.0511803662683245e-09
63614.4578313253,18006.59574427547,0.08380492486371316,5.051600901885053e-09
63759.03614457831,18085.93581398535,0.08348748934649058,5.052021679722669e-09
63903.614457831325,18165.275827893893,0.08316634738637667,5.052444236101005e-09
64048.19277108434,18244.615729000674,0.08284267220608396,5.052870393469784e-09
64192.77108433735,18323.955468865308,0.08251539917334329,5.053301698323069e-09
64337.34939759036,18403.295200704026,0.0821879470636406,5.053733259395037e-09
64481.927710843374,18482.634873518204,0.08185677374319146,5.0541667017527224e-09
64626.50602409639,18561.974427014855,0.08152305607811032,5.054603953106434e-09
64771.0843373494,18641.31380995536,0.08118572316839727,5.055046649286338e-09
64915.66265060241,18720.653184406343,0.08084821031515826,5.055489616485265e-09
65060.24096385542,18799.992496421906,0.08050695646740201,5.055934573665809e-09
65204.819277108436,18879.331682224478,0.08016314352688142,5.056383559972309e-09
65349.39759036145,18958.670772874935,0.07981681611500137,5.056835583124988e-09
65493.97590361446,19038.009775873837,0.07946806604788097,5.057290403492332e-09
65638.55421686747,19117.34870622313,0.07911666128679899,5.057747541372012e-09
65783.13253012049,19196.687503051904,0.07876268444019657,5.0582089417221945e-09
65927.7108433735,19276.02619921146,0.0784061735764481,5.058673554962372e-09
66072.2891566265,19355.364802634733,0.07804721951880592,5.059141127713809e-09
66216.86746987952,19434.703329189062,0.07768558767668765,5.059611152555934e-09
66361.44578313253,19514.041714461262,0.07732135998678903,5.060085687648044e-09
66506.02409638555,19593.379993204337,0.07695457380195546,5.060563622665401e-09
66650.60240963855,19672.718173802852,0.07658531896046807,5.061044689698418e-09
66795.18072289157,19752.05627304683,0.07621335771313849,5.061528351921216e-09
66939.75903614458,19831.39422275076,0.07583877132095485,5.062016787977447e-09
67084.3373493976,19910.73205968674,0.07546159634763368,5.062508823036576e-09
67228.9156626506,19990.069792721726,0.07508192165980206,5.063004173806022e-09
67373.49397590362,20069.40743962207,0.07469950567002184,5.063502272209992e-09
67518.07228915663,20148.74492818158,0.07431442896472489,5.0640054253748555e-09
67662.65060240965,20228.082297320085,0.07392672724073081,5.064512389846054e-09
67807.22891566265,20307.419556414898,0.07353648840806382,5.065022866019566e-09
67951.80722891566,20386.756724272203,0.07314346627724348,5.065536252548215e-09
68096.38554216867,20466.09372438823,0.07274774076268445,5.066054993847381e-09
68240.9638554217,20545.43059797458,0.0723493466081264,5.0665777733189785e-09
68385.5421686747,20624.767354949236,0.0719483707798605,5.0671042740343706e-09
68530.1204819277,20704.10401522875,0.07154456162441725,5.0676338591542525e-09
68674.69879518072,20783.440497709,0.07113799838412892,5.06816912010555e-09
68819.27710843374,20862.776846044188,0.07072871475035503,5.068708662174654e-09
68963.85542168675,20942.113070730975,0.07031679675208359,5.069252150000011e-09
69108.43373493975,21021.449192871478,0.0699019862942923,5.0697989088044745e-09
69253.01204819277,21100.78512642277,0.06948436194019267,5.0703516877927015e-09
69397.5903614458,21180.120917657277,0.06906395621075248,5.0709090086509166e-09
69542.1686746988,21259.456577684745,0.06864085419285214,5.071470516370166e-09
69686.7469879518,21338.79212887949,0.06821479023495043,5.072035495534399e-09
69831.32530120482,21418.1274798855,0.06778584220199067,5.07260686508655e-09
69975.90361445784,21497.462679780117,0.06735404130129002,5.073183057045119e-09
70120.48192771085,21576.797740332506,0.06691947165570503,5.073763695419876e-09
70265.06024096385,21656.132685278746,0.0664818587777324,5.074348021163934e-09
70409.63855421687,21735.46741753394,0.0660412797965888,5.074939136293026e-09
70554.21686746989,21814.8019891941,0.06559776442922413,5.075535376424457e-09
70698.7951807229,21894.136412728563,0.06515139578833778,5.076136343118208e-09
70843.3734939759,21973.47071334294,0.06470188907252546,5.076741230371734e-09
70987.9518072289,22052.804787754536,0.06424932061175953,5.0773533381975114e-09
71132.53012048193,22132.138691311284,0.06379371841225116,5.077970898313453e-09
71277.10843373495,22211.47243723571,0.06333516449690942,5.0785934882093665e-09
71421.68674698795,22290.806052316806,0.06287336203136411,5.079220251219048e-09
71566.26506024096,22370.13942655096,0.062408386446698313,5.079854702125534e-09
71710.84337349398,22449.47261879952,0.06194026376118767,5.080494960366391e-09
71855.421686747,22528.805643094696,0.06146907478286601,5.0811405775684966e-09
72000.0,22608.138560716186,0.060994527578891074,5.081789595087178e-09
