,,Time,Cell1 Cathode vConcentration,Cell1 Cathode vPhi,Cell1 Anode vConcentration,Cell1 Anode vPhi,Cell1 Anode vSEI Length
C1,0,0.0,25777.5,4.1330238498798,22610.7,0.1973195147667003,5e-09
C1,1,72.72727272727273,26055.712205501128,4.12067669744047,22345.807075908604,0.198084371350685,5e-09
C1,2,145.45454545454547,26265.511208906526,4.112147354612332,22119.064935251845,0.19874133901114657,5e-09
C1,3,218.1818181818182,26474.378755170925,4.104068945704131,21892.33709898191,0.1994066656044079,5e-09
C1,4,290.90909090909093,26683.227824813344,4.096352668497856,21665.60940115952,0.2000794946157496,5e-09
C1,5,363.6363636363637,26892.07548554073,4.088951125314192,21438.88170535488,0.2007588806521413,5e-09
C1,6,436.3636363636364,27100.923038620997,4.081826908539855,21212.15400957979,0.2014439830700177,5e-09
C1,7,509.0909090909091,27309.770583461926,4.074948614595016,20985.426313805412,0.202134019701524,5e-09
C1,8,581.8181818181819,27518.618127670987,4.0682896967038085,20758.698618030834,0.20282826138943835,5e-09
C1,9,654.5454545454546,27727.46567183142,4.0618275945754165,20531.970922256427,0.20352602726799338,5e-09
C1,10,727.2727272727274,27936.313215988157,4.055543044674012,20305.243226481893,0.20422668062784385,5e-09
C1,11,800.0000000000001,28145.160760144776,4.049419527276175,20078.515530707253,0.20492962529191766,5e-09
C1,12,872.7272727272727,28354.008304301326,4.043442819633549,19851.787834932824,0.2056343024454447,5e-09
C1,13,945.4545454545455,28562.85584845781,4.03760063227512,19625.060139158253,0.20634018787333885,5e-09
C1,14,1018.1818181818182,28771.70339261428,4.031882310992744,19398.332443383602,0.20704678956627326,5e-09
C1,15,1090.909090909091,28980.550936770764,4.026278591113633,19171.604747609,0.20775364566381518,5e-09
C1,16,1163.6363636363637,29189.398480927408,4.020782457303843,18944.87705183432,0.20846031821184854,5e-09
C1,17,1236.3636363636365,29398.246025083703,4.015384717750204,18718.149356059814,0.2091664050547859,5e-09
C1,18,1309.0909090909092,29607.093569240213,4.010080252239498,18491.4216602853,0.20987152530050107,5e-09
C1,19,1381.818181818182,29815.941113396766,4.00486362377277,18264.693964510814,0.21057532306169843,5e-09
C1,20,1454.5454545454547,30024.788657553185,3.9997300469531494,18037.9662687362,0.21127746666062427,5e-09
C1,21,1527.2727272727275,30233.636201709647,3.994675301569548,17811.238572961804,0.21197764823095583,5e-09
C1,22,1600.0000000000002,30442.48374586626,3.9896956588130053,17584.510877187273,0.2126755835756672,5e-09
C1,23,1672.727272727273,30651.331290022554,3.9847878180247625,17357.78318141256,0.2133710122850096,5e-09
C1,24,1745.4545454545455,30860.17883417922,3.979948852263491,17131.05548563786,0.21406369812228854,5e-09
C1,25,1818.1818181818182,31069.026378335697,3.9751761612889136,16904.32778986322,0.21475342968869424,5e-09
C1,26,1890.909090909091,31277.873922492046,3.970467430806676,16677.600094088637,0.21544002138208898,5e-09
C1,27,1963.6363636363637,31486.721466648407,3.965820597019929,16450.872398314405,0.21612331466849036,5e-09
C1,28,2036.3636363636365,31695.569010804917,3.9612338156924425,16224.144702539868,0.21680317968900353,5e-09
C1,29,2109.0909090909095,31904.416554961415,3.956705435066628,15997.417006765334,0.21747951722922162,5e-09
C1,30,2181.818181818182,32113.26409911781,3.9522339720757707,15770.689310990805,0.2181522610827553,5e-09
C1,31,2254.545454545455,32322.11164327427,3.9478180913892618,15543.96161521618,0.21882138084549663,5e-09
C1,32,2327.2727272727275,32530.959187430755,3.9434565868962044,15317.233919441494,0.21948688518266446,5e-09
C1,33,2400.0,32739.806731587323,3.9391483652945105,15090.506223666858,0.22014882561661364,5e-09
C1,34,2472.727272727273,32948.65427574392,3.9348924315025373,14863.778527892086,0.22080730088990516,5e-09
C1,35,2545.4545454545455,33157.501819900244,3.930687875651685,14637.050832117522,0.22146246196530672,5e-09
C1,36,2618.1818181818185,33366.34936405678,3.9265338614532777,14410.323136343019,0.22211451773233043,5e-09
C1,37,2690.909090909091,33575.19690821324,3.9224296157620913,14183.595440568593,0.2227637414986593,5e-09
C1,38,2763.636363636364,33784.044452369664,3.9183744191833827,13956.867744794035,0.22341047835453154,5e-09
C1,39,2836.3636363636365,33992.891996525934,3.914367597590892,13730.140049019481,0.22405515350888536,5e-09
C1,40,2909.0909090909095,34201.739540682254,3.910408514440681,13503.412353244961,0.22469828170800762,5e-09
C1,41,2981.818181818182,34410.58708483864,3.9064965637805042,13276.684657470429,0.22534047786063646,5e-09
C1,42,3054.545454545455,34619.434628995084,3.902631163866688,13049.956961695885,0.22598246900815,5e-09
C1,43,3127.2727272727275,34828.28217315145,3.898811751311249,12823.229265921294,0.2266251077947457,5e-09
C1,44,3200.0000000000005,35037.129717307944,3.895037775690866,12596.50157014676,0.22726938761057408,5e-09
C1,45,3272.727272727273,35245.97726146439,3.891308694556959,12369.773874372238,0.22791645960080248,5e-09
C1,46,3345.454545454546,35454.82480562088,3.8876239687925582,12143.046178597671,0.22856765175577473,5e-09
C1,47,3418.1818181818185,35663.67234977725,3.8839830583528108,11916.318482823048,0.22922449031988412,5e-09
C1,48,3490.909090909091,35872.519893933815,3.8803852528735954,11689.590787048475,0.2298886900577953,5e-09
C1,49,3563.636363636364,36081.36743809006,3.8768303663482517,11462.86309127403,0.23056231704306113,5e-09
C1,50,3636.3636363636365,36290.2149822465,3.8733176251513264,11236.135395499554,0.23124761567887417,5e-09
C1,51,3709.0909090909095,36499.062526403,3.869846445267448,11009.40769972494,0.23194717557496983,5e-09
C1,52,3781.818181818182,36707.91007055947,3.866416223026627,10782.680003950507,0.23266393661443732,5e-09
C1,53,3854.545454545455,36916.75761471584,3.863026331737049,10555.952308175934,0.23340123095797513,5e-09
C1,54,3927.2727272727275,37125.60515887237,3.8596761183652375,10329.224612401405,0.23416282996437104,5e-09
C1,55,4000.0000000000005,37334.45270302878,3.856364900233464,10102.49691662689,0.23495299657607574,5e-09
C1,56,4072.727272727273,37543.30024718524,3.853091961705775,9875.769220852431,0.2357765437756175,5e-09
C1,57,4145.454545454546,37752.14779134174,3.8498565508324005,9649.041525077884,0.23663889978128527,5e-09
C1,58,4218.181818181819,37960.99533549806,3.8466578759226913,9422.31382930338,0.23754618071757833,5e-09
C1,59,4290.909090909091,38169.84287965462,3.843495102015389,9195.586133528863,0.23850527156851087,5e-09
C1,60,4363.636363636364,38378.690423811015,3.840367347213634,8968.858437754332,0.23952391629934172,5e-09
C1,61,4436.363636363637,38587.53796796754,3.837273678850193,8742.130741979785,0.24061081811455132,5e-09
C1,62,4509.09090909091,38796.38551212412,3.8342131094460092,8515.403046205238,0.24177575090624914,5e-09
C1,63,4581.818181818182,39005.233056280595,3.8311848429593054,8288.67535043075,0.243030451609644,5e-09
C1,64,4654.545454545455,39214.08060043718,3.828187284428809,8061.94765465634,0.24438587441684265,5e-09
C1,65,4727.272727272728,39422.92814459346,3.8252195674738805,7835.21995888181,0.2458567718552349,5e-09
C1,66,4800.0,39631.77568874989,3.822280356011585,7608.492263107361,0.24745834944693224,5e-09
C1,67,4872.727272727273,39840.62323290643,3.819368314163159,7381.764567332877,0.24920790445650678,5e-09
C1,68,4945.454545454546,40049.4707770629,3.816482024259722,7155.0368715583345,0.2511248078187163,5e-09
C1,69,5018.181818181819,40258.31832121929,3.8136199789100984,6928.309175783768,0.25323074988727956,5e-09
C1,70,5090.909090909091,40467.165865375886,3.81078056338339,6701.581480009217,0.2555499212522694,5e-09
C1,71,5163.636363636364,40676.01340953248,3.8079620535631666,6474.853784234671,0.25810932064281006,5e-09
C1,72,5236.363636363637,40884.86095368892,3.8051626068043802,6248.126088460129,0.26093905707489495,5e-09
C1,73,5309.09090909091,41093.70849784548,3.80238025163799,6021.398392685623,0.26407267824885045,5e-09
C1,74,5381.818181818182,41302.55604200186,3.7996128770692468,5794.670696911127,0.2675475124506212,5e-09
C1,75,5454.545454545455,41511.40358615832,3.7968582163163584,5567.943001136621,0.27140511872382495,5e-09
C1,76,5527.272727272728,41720.25113031475,3.7941138383942445,5341.215305362087,0.27569158782971503,5e-09
C1,77,5600.000000000001,41929.09867447127,3.79137712766495,5114.487609587579,0.2804580620386589,5e-09
C1,78,5672.727272727273,42137.94621862782,3.788645266865028,4887.759913813096,0.28576117565846904,5e-09
C1,79,5745.454545454546,42346.7937627843,3.785915214770437,4661.032218038575,0.29166357472454474,5e-09
C1,80,5818.181818181819,42555.64130694088,3.7831836879215315,4434.304522264069,0.29823430488491054,5e-09
C1,81,5890.909090909091,42764.48885109731,3.7804471289292727,4207.576826489527,0.3055494143660968,5e-09
C1,82,5963.636363636364,42973.336395253755,3.777701679902632,3980.8491307150193,0.3136923600997716,5e-09
C1,83,6036.363636363637,43182.18393941018,3.774943143471468,3754.121434940491,0.322754559605561,5e-09
C1,84,6109.09090909091,43391.031483566694,3.772166952306474,3527.3937391659647,0.33283561055026817,5e-09
C1,85,6181.818181818182,43599.87902772316,3.7693681160302,3300.666043391452,0.3440438336132755,5e-09
C1,86,6254.545454545455,43808.72657187952,3.766541157624437,3073.9383476169387,0.3564968837119793,5e-09
C1,87,6327.272727272728,44017.57411603605,3.763680091168915,2847.210651842426,0.3703214514119431,5e-09
C1,88,6400.000000000001,44226.42166019256,3.760778307350728,2620.4829560679245,0.38565524164984827,5e-09
C1,89,6472.727272727273,44435.26920434881,3.757828514095114,2393.755260293421,0.4026490388876308,5e-09
C1,90,6545.454545454546,44644.116748505316,3.7548226348230163,2167.027564518902,0.421473330492247,5e-09
C1,91,6618.181818181819,44852.96429266186,3.7517516950218397,1940.299868744392,0.4423349504067324,5e-09
C1,92,6690.909090909092,45061.811836818124,3.7486056830881638,1713.5721729698794,0.465520210918775,5e-09
C1,93,6763.636363636364,45270.65938097461,3.7453733972328167,1486.8444771953675,0.49150917816003625,5e-09
C1,94,6836.363636363637,45479.50692513119,3.7420422453030353,1260.1167814208557,0.5212988881754476,5e-09
C1,95,6909.09090909091,45688.35446928752,3.738598016073475,1033.3890856463522,0.5574051039457022,5e-09
C1,96,6981.818181818182,45897.202013444046,3.7350246000267813,806.6613898718452,0.6074602759846511,5e-09
C1,97,7054.545454545455,46106.04955760048,3.731303645818636,579.9336940973348,0.7005848261119684,5e-09
C1,98,7127.272727272728,46314.897101757,3.727414142256973,353.2059983228284,1.0014015832343428,5e-09
C1,99,7168.966274022611,46434.62653088793,3.725099122485861,223.22612380289613,1.7250891224858536,5e-09
C2,0,0.0,46434.62653088793,3.9806350052651083,223.22612380289613,1.3140445274876456,5e-09
C2,1,72.72727272727273,46156.40988706469,3.983597771443807,488.1200017041906,0.43167669175940554,5.000000046605306e-09
C2,2,145.45454545454547,45946.61795412017,3.9856679248885873,714.861285183926,0.31748961463387504,5.000001116654383e-09
C2,3,218.1818181818182,45737.74679745683,3.9876495030804513,941.5888460920074,0.27078323666019577,5.000004902965722e-09
C2,4,290.90909090909093,45528.898598196334,3.9895654793475828,1168.3162840025748,0.2414494291560408,5.0000124438122795e-09
C2,5,363.6363636363637,45320.051036074474,3.9914280636002126,1395.0435631804216,0.21835310317696702,5.000024844966985e-09
C2,6,436.3636363636364,45111.203491555236,3.993247742069014,1621.770631557,0.19835495238053444,5.0000436952557585e-09
C2,7,509.0909090909091,44902.35594738967,3.995033718675715,1848.4974238501381,0.18043240303165098,5.000071011342642e-09
C2,8,581.8181818181819,44693.50840323301,3.9967941112289904,2075.2238742422705,0.1642028673468397,5.000108842175298e-09
C2,9,654.5454545454546,44484.66085907652,3.9985361087996405,2301.9498962614466,0.14948822405063128,5.000159913766249e-09
C2,10,727.2727272727274,44275.81331492002,4.000266111338164,2528.6754039455186,0.1361745996425763,5.0002269597904374e-09
C2,11,800.0000000000001,44066.965770763505,4.001989823038938,2755.4003123561324,0.12416645247502472,5.000312705743721e-09
C2,12,872.7272727272727,43858.11822660702,4.0037123581399845,2982.1245421683498,0.11337202823346278,5.000419721898841e-09
C2,13,945.4545454545455,43649.270682450384,4.005438313702325,3208.848023835709,0.10370014201375684,5.000550287099052e-09
C2,14,1018.1818181818182,43440.42313829374,4.0071718346726515,3435.5707018488106,0.09506048501693723,5.000706247702739e-09
C2,15,1090.909090909091,43231.575594137255,4.0089166700596675,3662.2925355762013,0.08736484188958897,5.00088898475366e-09
C2,16,1163.6363636363637,43022.728049980666,4.010676217836215,3889.013500392652,0.08052837883064778,5.001099372100169e-09
C2,17,1236.3636363636365,42813.88050582416,4.012453578447147,4115.733586173424,0.07447024619691706,5.001337818796909e-09
C2,18,1309.0909090909092,42605.032961667595,4.014251565772838,4342.452799448754,0.0691148170061151,5.001604195504432e-09
C2,19,1381.818181818182,42396.18541751109,4.01607275858649,4569.171160155743,0.06439147103334975,5.001897935079967e-09
C2,20,1454.5454545454547,42187.33787335458,4.017919520556328,4795.8886993338165,0.060234864069308315,5.002218104083482e-09
C2,21,1527.2727272727275,41978.490329197964,4.019794018742574,5022.605457463481,0.056585000062675944,5.0025634549352036e-09
C2,22,1600.0000000000002,41769.64278504147,4.02169824840897,5249.321481742175,0.053386937742711534,5.002932512987461e-09
C2,23,1672.727272727273,41560.79524088492,4.02363404780305,5476.03682456529,0.05059062829738935,5.0033236256978836e-09
C2,24,1745.4545454545455,41351.947696728326,4.025603115250182,5702.751540511146,0.04815058620161426,5.003735060396161e-09
C2,25,1818.1818181818182,41143.100152571744,4.027607019669789,5929.46568451328,0.04602566463206824,5.004165064210658e-09
C2,26,1890.909090909091,40934.25260841504,4.02964721502972,6156.1793108462925,0.044178670604913,5.004611897918159e-09
C2,27,1963.6363636363637,40725.40506425857,4.031725049781162,6382.892471986008,0.04257608129824353,5.0050738740046775e-09
C2,28,2036.3636363636365,40516.557520102,4.033841776721085,6609.605218167147,0.04118772578283851,5.0055493722524825e-09
C2,29,2109.0909090909095,40307.70997594547,4.035998558977136,6836.317595644351,0.03998655050436286,5.006036896639133e-09
C2,30,2181.818181818182,40098.86243178886,4.038196480470148,7063.029647225274,0.03894826688444214,5.006535059357949e-09
C2,31,2254.545454545455,39890.014887632125,4.040436550700185,7289.741411795908,0.038051139398579015,5.007042596925981e-09
C2,32,2327.2727272727275,39681.16734347558,4.042719711087171,7516.452924249137,0.037275736071891816,5.007558373194932e-09
C2,33,2400.0,39472.319799319004,4.045046840337862,7743.164215523857,0.03660470720481778,5.00808137864673e-09
C2,34,2472.727272727273,39263.4722551625,4.047418759316071,7969.875332824691,0.03602258185906148,5.008610083196432e-09
C2,35,2545.4545454545455,39054.62471100584,4.0498362354835935,8196.586277856162,0.03551558155647865,5.009144416291975e-09
C2,36,2618.1818181818185,38845.777166849344,4.052299986970859,8423.297070790262,0.035071450046844754,5.009683713544936e-09
C2,37,2690.909090909091,38636.929622692754,4.054810686329827,8650.007728680945,0.03467929848664457,5.010227413434948e-09
C2,38,2763.636363636364,38428.0820785362,4.0573689626655085,8876.718265615498,0.03432948437361192,5.010775050382479e-09
C2,39,2836.3636363636365,38219.23453437959,4.059975125949028,9103.428678373104,0.034013216193737796,5.011326713886909e-09
C2,40,2909.0909090909095,38010.38699022297,4.062630584414903,9330.139005297393,0.0337234924087394,5.011881163766301e-09
C2,41,2981.818181818182,37801.53944606648,4.065335006760339,9556.849238520539,0.0334530653032126,5.012438642124734e-09
C2,42,3054.545454545455,37592.6919019098,4.068089086623046,9783.559370944664,0.033196185488367676,5.012999364714315e-09
C2,43,3127.2727272727275,37383.84435775317,4.070893496825833,10010.269417856874,0.032947694457827664,5.013562833116151e-09
C2,44,3200.0000000000005,37174.99681359657,4.073748541858446,10236.979380454382,0.03270296493020702,5.0141290010683724e-09
C2,45,3272.727272727273,36966.149269440044,4.076654640905798,10463.689258511931,0.03245797304588996,5.01469786826919e-09
C2,46,3345.454545454546,36757.30172528338,4.079612193584575,10690.39905054221,0.03220918946509872,5.015269475524851e-09
C2,47,3418.1818181818185,36548.454181127,4.0826215825039975,10917.108753929118,0.03195352452457394,5.01584390042724e-09
C2,48,3490.909090909091,36339.60663697051,4.085683175862678,11143.818365044262,0.03168827904785029,5.016421253530567e-09
C2,49,3563.636363636364,36130.759092813816,4.0887973784594935,11370.527891622207,0.031411088473740016,5.017001283211004e-09
C2,50,3636.3636363636365,35921.91154865725,4.091964392671921,11597.237303750828,0.031119942287128704,5.017584939863718e-09
C2,51,3709.0909090909095,35713.06400450079,4.095184822380866,11823.946621123214,0.0308129989685363,5.018171591739827e-09
C2,52,3781.818181818182,35504.21646034414,4.098458765486685,12050.655824200718,0.03048878195106522,5.018761858436051e-09
C2,53,3854.545454545455,35295.36891618768,4.101786638434198,12277.36490569321,0.030145951555043723,5.0193559700311474e-09
C2,54,3927.2727272727275,35086.52137203124,4.105168783309668,12504.073841193094,0.029783367504002574,5.019954702886107e-09
C2,55,4000.0000000000005,34877.67382787458,4.108605544242992,12730.782655402996,0.029400067888674164,5.020557266406062e-09
C2,56,4072.727272727273,34668.826283718045,4.112097281059315,12957.491322834798,0.028995219529652342,5.021164470818635e-09
C2,57,4145.454545454546,34459.978739561564,4.115644367118064,13184.199834137655,0.02856812003598316,5.021776612978911e-09
C2,58,4218.181818181819,34251.13119540483,4.11924719543392,13410.90817949452,0.028118176629067418,5.022394004160727e-09
C2,59,4290.909090909091,34042.283651248355,4.122906183656829,13637.616348656067,0.0276448918080212,5.0230169695408765e-09
C2,60,4363.636363636364,33833.43610709191,4.126621779523365,13864.32430596381,0.027147850591672493,5.0236466456313414e-09
C2,61,4372.449712935407,33808.127219684546,4.127075965728415,13891.797570828096,0.0270859657284154,5.0237232954158845e-09
C3,0,0.0,33808.127219684546,3.9180288440902347,13891.797570828096,0.22358711318973215,5.0237232954158845e-09
C3,1,72.72727272727273,34086.34961647065,3.9125902858692747,13626.898781031192,0.2243491126811621,5.0237232954158845e-09
C3,2,145.45454545454547,34296.156594701715,3.9086341749586744,13400.162258156188,0.22499175906136087,5.0237232954158845e-09
C3,3,218.1818181818182,34505.007380726216,3.904743279281307,13173.434666400353,0.22563376417646772,5.0237232954158845e-09
C3,4,290.90909090909093,34713.855153450684,3.900898734971176,12946.706971940326,0.22627593642269947,5.0237232954158845e-09
C3,5,363.6363636363637,34922.7027136788,3.897099931861568,12719.97927618231,0.22691919026294113,5.0237232954158845e-09
C3,6,436.3636363636364,35131.550258962074,3.8933463200197953,12493.251580407894,0.2275645886949125,5.0237232954158845e-09
C3,7,509.0909090909091,35340.39780319728,3.8896373588017097,12266.52388463345,0.22821336089659328,5.0237232954158845e-09
C3,8,581.8181818181819,35549.24534735929,3.885972509217032,12039.79618885886,0.22886692233692152,5.0237232954158845e-09
C3,9,654.5454545454546,35758.092891516106,3.882351042216973,11813.068493084387,0.22952686400170566,5.0237232954158845e-09
C3,10,727.2727272727274,35966.94043567263,3.8787728227055296,11586.340797309847,0.23019511074754848,5.0237232954158845e-09
C3,11,800.0000000000001,36175.7879798291,3.875237061401991,11359.613101535277,0.23087375257314924,5.0237232954158845e-09
C3,12,872.7272727272727,36384.635523985715,3.8717431836053167,11132.885405760719,0.23156520439803396,5.0237232954158845e-09
C3,13,945.4545454545455,36593.483068142115,3.8682905968356556,10906.15770998622,0.2322722104280366,5.0237232954158845e-09
C3,14,1018.1818181818182,36802.330612298574,3.8648786874284213,10679.430014211723,0.2329978836939556,5.0237232954158845e-09
C3,15,1090.909090909091,37011.17815645511,3.861506817192396,10452.702318437157,0.23374575023000357,5.0237232954158845e-09
C3,16,1163.6363636363637,37220.02570061161,3.8581743201009897,10225.974622662641,0.23451979841174767,5.0237232954158845e-09
C3,17,1236.3636363636365,37428.87324476801,3.854880498988489,9999.246926888112,0.2353245340274492,5.0237232954158845e-09
C3,18,1309.0909090909092,37637.720788924606,3.851624622220793,9772.519231113583,0.23616504171672642,5.0237232954158845e-09
C3,19,1381.818181818182,37846.568333081,3.8484059203113232,9545.791535339018,0.23704705347472388,5.0237232954158845e-09
C3,20,1454.5454545454547,38055.41587723745,3.8452235824514776,9319.06383956445,0.23797702498975434,5.0237232954158845e-09
C3,21,1527.2727272727275,38264.26342139408,3.842076752923896,9092.336143789995,0.23896222065717193,5.0237232954158845e-09
C3,22,1600.0000000000002,38473.110965550535,3.83896452736512,8865.608448015408,0.2400108081919491,5.0237232954158845e-09
C3,23,1672.727272727273,38681.9585097069,3.835885948842121,8638.880752240826,0.24113196384663085,5.0237232954158845e-09
C3,24,1745.4545454545455,38890.80605386329,3.8328402213965345,8412.153056466275,0.24233660021153375,5.0237232954158845e-09
C3,25,1818.1818181818182,39099.653598019686,3.829825831803123,8185.425360691732,0.24363514423133753,5.0237232954158845e-09
C3,26,1890.909090909091,39308.50114217596,3.8268419590546796,7958.697664917165,0.24504148318559607,5.0237232954158845e-09
C3,27,1963.6363636363637,39517.34868633255,3.823887289734893,7731.96996914265,0.24656986841269682,5.0237232954158845e-09
C3,28,2036.3636363636365,39726.19623048903,3.820960532126545,7505.242273368127,0.24823657072422914,5.0237232954158845e-09
C3,29,2109.0909090909095,39935.043774645485,3.818060312961798,7278.514577593627,0.2500597954810125,5.0237232954158845e-09
C3,30,2181.818181818182,40143.89131880187,3.815185177389473,7051.786881819072,0.25205995332059733,5.0237232954158845e-09
C3,31,2254.545454545455,40352.73886295844,3.812333569395309,6825.059186044571,0.2542598363661347,5.0237232954158845e-09
C3,32,2327.2727272727275,40561.586407114875,3.809503825811695,6598.331490270033,0.2566848778771633,5.0237232954158845e-09
C3,33,2400.0,40770.43395127131,3.8066941701417973,6371.603794495466,0.2593634540141919,5.0237232954158845e-09
C3,34,2472.727272727273,40979.2814954278,3.8039027028403596,6144.876098720926,0.2623271973528517,5.0237232954158845e-09
C3,35,2545.4545454545455,41188.129039584346,3.8011273905097993,5918.148402946415,0.26561133793440833,5.0237232954158845e-09
C3,36,2618.1818181818185,41396.97658374077,3.7983660544228544,5691.42070717192,0.26925506158861967,5.0237232954158845e-09
C3,37,2690.909090909091,41605.82412789716,3.795616354399437,5464.693011397392,0.2733019583107847,5.0237232954158845e-09
C3,38,2763.636363636364,41814.67167205363,3.7928757784328915,5237.965315622883,0.2778003566001998,5.0237232954158845e-09
C3,39,2836.3636363636365,42023.51921620999,3.7901416221087363,5011.237619848351,0.28280384122402025,5.0237232954158845e-09
C3,40,2909.0909090909095,42232.3667603666,3.78741097043851,4784.509924073813,0.2883717058356914,5.0237232954158845e-09
C3,41,2981.818181818182,42441.21430452314,3.7846806733876046,4557.782228299297,0.29456949949997424,5.0237232954158845e-09
C3,42,3054.545454545455,42650.06184867962,3.781947329370945,4331.054532524798,0.30146934860479085,5.0237232954158845e-09
C3,43,3127.2727272727275,42858.90939283594,3.7792072480215397,4104.326836750322,0.3091506403005102,5.0237232954158845e-09
C3,44,3200.0000000000005,43067.75693699243,3.776456423473915,3877.5991409757835,0.31770038160577224,5.0237232954158845e-09
C3,45,3272.727272727273,43276.60448114886,3.7736904953473447,3650.8714452012514,0.3272136879690349,5.0237232954158845e-09
C3,46,3345.454545454546,43485.45202530527,3.7709047114138845,3424.143749426733,0.337794076553942,5.0237232954158845e-09
C3,47,3418.1818181818185,43694.29956946173,3.768093866256395,3197.4160536522227,0.349554110683575,5.0237232954158845e-09
C3,48,3490.909090909091,43903.14711361821,3.765252267712334,2970.6883578777106,0.3626153325673078,5.0237232954158845e-09
C3,49,3563.636363636364,44111.99465777466,3.7623736499655256,2743.960662103187,0.37710941923517405,5.0237232954158845e-09
C3,50,3636.3636363636365,44320.842201931264,3.759451108696292,2517.23296632867,0.39317950351871694,5.0237232954158845e-09
C3,51,3709.0909090909095,44529.68974608773,3.7564770101167833,2290.5052705541557,0.410984135360184,5.0237232954158845e-09
C3,52,3781.818181818182,44738.53729024428,3.7534428906686483,2063.777574779631,0.4307071758186728,5.0237232954158845e-09
C3,53,3854.545454545455,44947.38483440067,3.750339313765721,1837.049879005114,0.45258390610109606,5.0237232954158845e-09
C3,54,3927.2727272727275,45156.232378557135,3.7471557657421184,1610.3221832306103,0.4769667362014708,5.0237232954158845e-09
C3,55,4000.0000000000005,45365.07992271363,3.743880431064712,1383.5944874560992,0.5045086911762745,5.0237232954158845e-09
C3,56,4072.727272727273,45573.92746687008,3.740500022879856,1156.8667916815934,0.536695186044041,5.0237232954158845e-09
C3,57,4145.454545454546,45782.77501102654,3.73699950896251,930.139095907082,0.5775981180425481,5.0237232954158845e-09
C3,58,4218.181818181819,45991.62255518299,3.7333618120965943,703.4114001325701,0.6407889564088887,5.0237232954158845e-09
C3,59,4290.909090909091,46200.47009933946,3.7295674357712745,476.68370435806264,0.7862072837574857,5.0237232954158845e-09
C3,60,4363.636363636364,46409.317643530456,3.7255940030922066,249.95600858924152,1.4810815733328548,5.0237232954158845e-09
C3,61,4372.210309412202,46433.939046918014,3.725112604979844,223.22668275928376,1.7251026049798244,5.0237232954158845e-09
C4,0,0.0,46433.939046918014,3.9806424177456887,223.22668275928376,1.314038019227748,5.0237232954158845e-09
C4,1,72.72727272727273,46155.72240309638,3.9836047023165944,488.12056065943966,0.43167524758133374,5.023723342021781e-09
C4,2,145.45454545454547,45945.93047015354,3.9856745688723287,714.8618441396532,0.3174885033119465,5.023724412075726e-09
C4,3,218.1818181818182,45737.059313493824,3.9876559102817124,941.5894050474071,0.2707821993342304,5.023728198395177e-09
C4,4,290.90909090909093,45528.211114233396,3.989571692041886,1168.3168429576338,0.24144841518703958,5.023735739252207e-09
C4,5,363.6363636363637,45319.36355211144,3.9914341186245736,1395.0441221350345,0.21835209927385982,5.023748140420588e-09
C4,6,436.3636363636364,45110.516007592254,3.9932536716987914,1621.771190511024,0.19835395443082882,5.023766990727442e-09
C4,7,509.0909090909091,44901.66846342671,3.995039551319408,1848.497982803412,0.1804314095922765,5.0237943068377345e-09
C4,8,581.8181818181819,44692.820919270016,3.996799871999822,2075.224433194615,0.16420187781846607,5.0238321376997534e-09
C4,9,654.5454545454546,44483.973375113485,3.9985418199891143,2301.950455212639,0.1494872381034303,5.023883209326689e-09
C4,10,727.2727272727274,44275.12583095694,4.000271792807117,2528.6759628953278,0.13617361702882375,5.023950255393643e-09
C4,11,800.0000000000001,44066.27828680043,4.001995492550588,2755.4008713043813,0.12416547296603603,5.024036001396264e-09
C4,12,872.7272727272727,43857.430742643824,4.003718031635029,2982.125101114835,0.11337105160412266,5.024143017606734e-09
C4,13,945.4545454545455,43648.583198487155,4.005444005532962,3208.8485827802883,0.10369916803992181,5.0242735828674355e-09
C4,14,1018.1818181818182,43439.73565433061,4.007177557801226,3435.5712607913724,0.0950595134780061,5.024429543535567e-09
C4,15,1090.909090909091,43230.8881101741,4.008922436227784,3662.29309451663,0.08736387257171621,5.024612280653742e-09
C4,16,1163.6363636363637,43022.0405660175,4.010682037710152,3889.0140593309525,0.08052741152934911,5.024822668069048e-09
C4,17,1236.3636363636365,42813.19302186098,4.012459461738933,4115.734145109554,0.07446928071931024,5.025061114834826e-09
C4,18,1309.0909090909092,42604.34547770425,4.014257521351491,4342.453358382762,0.06911385317161195,5.025327491610467e-09
C4,19,1381.818181818182,42395.49793354773,4.016078794568258,4569.171719087691,0.06439050867439668,5.0256212312521845e-09
C4,20,1454.5454545454547,42186.65038939106,4.01792564438462,4795.889258263779,0.060233903031475675,5.025941400319101e-09
C4,21,1527.2727272727275,41977.80284523453,4.019800237258676,5022.606016391537,0.056584040204332844,5.026286751230773e-09
C4,22,1600.0000000000002,41768.95530107791,4.021704567912463,5249.322040668483,0.05338597893455283,5.026655809339057e-09
C4,23,1672.727272727273,41560.107756921345,4.023640474105352,5476.03738348994,0.05058967042182042,5.0270469221013645e-09
C4,24,1745.4545454545455,41351.26021276487,4.02560965372111,5702.7520994343295,0.04814962915192945,5.027458356847164e-09
C4,25,1818.1818181818182,41142.4126686084,4.027613675279261,5929.466243435129,0.046024708311804316,5.027888360704808e-09
C4,26,1890.909090909091,40933.5651244519,4.029653992383945,6156.179869766936,0.044177714927038314,5.028335194451187e-09
C4,27,1963.6363636363637,40724.7175802953,4.031731953154996,6382.893030905615,0.04257512618439649,5.028797170572476e-09
C4,28,2036.3636363636365,40515.870036138615,4.033848810086552,6609.605777085817,0.041186771162638906,5.029272668851234e-09
C4,29,2109.0909090909095,40307.022491981996,4.036005726029516,6836.318154562173,0.039985596314574205,5.029760193265248e-09
C4,30,2181.818181818182,40098.17494782532,4.038203784650508,7063.030206142325,0.03894731306844664,5.030258356008168e-09
C4,31,2254.545454545455,39889.32740366872,4.0404439952160764,7289.741970712351,0.038050185905725516,5.030765893597337e-09
C4,32,2327.2727272727275,39680.479859512285,4.042727298931208,7516.453483164918,0.03727478285692882,5.0312816698847884e-09
C4,33,2400.0,39471.63231535572,4.045054574304495,7743.1647744391275,0.03660375422736838,5.031804675352752e-09
C4,34,2472.727272727273,39262.78477119906,4.047426642016911,7969.875891739563,0.03602162908314424,5.032333379917218e-09
C4,35,2545.4545454545455,39053.937227042545,4.049844269361371,8196.586836770619,0.03551462895006809,5.032867713025755e-09
C4,36,2618.1818181818185,38845.089682886,4.0523081743122695,8423.297629704448,0.035070497581471564,5.033407010290203e-09
C4,37,2690.909090909091,38636.24213872937,4.0548190292774136,8650.008287594685,0.03467834613703175,5.033950710190442e-09
C4,38,2763.636363636364,38427.39459457288,4.0573774632290025,8876.71882452897,0.03432853211748339,5.0344983471471705e-09
C4,39,2836.3636363636365,38218.54705041635,4.059984070772631,9103.429251978043,0.03401244689910236,5.035049540505548e-09
C4,40,2909.0909090909095,38009.69950625974,4.062639405756841,9330.139578926028,0.03372254028273235,5.0356039903928596e-09
C4,41,2981.818181818182,37800.85196210313,4.065343991048707,9556.849812147388,0.03345211321867747,5.036161468758719e-09
C4,42,3054.545454545455,37592.00441794652,4.068098235429138,9783.559944571329,0.03319523343087082,5.036722191355506e-09
C4,43,3127.2727272727275,37383.15687378984,4.07090281164552,10010.269991483277,0.03294674241562646,5.0372856597643865e-09
C4,44,3200.0000000000005,37174.30932963342,4.073758024103734,10236.979954080625,0.0327020128923474,5.037851827723621e-09
C4,45,3272.727272727273,36965.46178547691,4.076664291919888,10463.68983213801,0.0324570210027502,5.0384206949315255e-09
C4,46,3345.454545454546,36756.61424132022,4.0796220146503,10690.399624168153,0.032208237408243856,5.038992302194446e-09
C4,47,3418.1818181818185,36547.76669716378,4.082631574852295,10917.109327554757,0.03195257244662625,5.039566727104353e-09
C4,48,3490.909090909091,36338.919153007104,4.085693340681254,11143.818938669567,0.03168732694237185,5.040144080215525e-09
C4,49,3563.636363636364,36130.071608850434,4.0888077169007575,11370.528465247287,0.03141013633561504,5.040724109903886e-09
C4,50,3636.3636363636365,35921.224064693924,4.0919749862374255,11597.237890221966,0.03111896771087912,5.041307356451515e-09
C4,51,3709.0909090909095,35712.37652053727,4.095195393904948,11823.947194083637,0.030812078612638627,5.041894439271399e-09
C4,52,3781.818181818182,35503.52897638074,4.098469470794269,12050.656382914824,0.03048787926556504,5.042485161172213e-09
C4,53,3854.545454545455,35294.6814322241,4.1017974746914545,12277.365449309664,0.030145069372498976,5.043079755174606e-09
C4,54,3927.2727272727275,35085.833888067544,4.105180006640735,12504.074401377793,0.029782415145737547,5.0436779595516045e-09
C4,55,4000.0000000000005,34876.98634391103,4.108616947948727,12730.783215570462,0.029399115478164234,5.044280523082665e-09
C4,56,4072.727272727273,34668.13879975443,4.112108866341612,12957.491883002622,0.028994267064980764,5.044887727507052e-09
C4,57,4145.454545454546,34459.29125559798,4.115656135235784,13184.200394305064,0.028567167515557837,5.045499869679891e-09
C4,58,4218.181818181819,34250.44371144149,4.119259147718613,13410.908739661421,0.02811722405154655,5.0461172608750505e-09
C4,59,4290.909090909091,34041.596167284784,4.122918321529864,13637.61690882254,0.027643939172282313,5.0467402262693615e-09
C4,60,4363.636363636364,33832.7486231283,4.126634104514738,13864.324891116663,0.02714689787267586,5.047369104591399e-09
C4,61,4372.222824456901,33808.091280866975,4.127076610402827,13891.090891723617,0.027086610402826675,5.047443779645492e-09
C5,0,0.0,33808.091280866975,3.9180295370210745,13891.090891723617,0.2235900751391134,5.047443779645492e-09
C5,1,72.72727272727273,34086.31367639398,3.9125909676043173,13626.192103032181,0.22435206863780863,5.047443779645492e-09
C5,2,145.45454545454547,34296.120652652455,3.908634848577455,13399.455579061554,0.22499471201203697,5.047443779645492e-09
C5,3,218.1818181818182,34504.97144168375,3.904743944827764,13172.72798729612,0.22563671636669175,5.047443779645492e-09
C5,4,290.90909090909093,34713.81921461758,3.9008993925956204,12946.000292836039,0.2262788904902779,5.047443779645492e-09
C5,5,363.6363636363637,34922.66677485991,3.897100581662436,12719.272597077968,0.2269221492820068,5.047443779645492e-09
C5,6,436.3636363636364,35131.51432014443,3.8933469620906878,12492.544901303618,0.22756755622861877,5.047443779645492e-09
C5,7,509.0909090909091,35340.361864379774,3.8896379932354015,12265.817205529009,0.22821634105629227,5.047443779645492e-09
C5,8,581.8181818181819,35549.20940854178,3.8859731361064522,12039.089509754476,0.22886991984853122,5.047443779645492e-09
C5,9,654.5454545454546,35758.05695269863,3.8823516617798313,11812.361813979991,0.22952988427673468,5.047443779645492e-09
C5,10,727.2727272727274,35966.90449685514,3.878773434905882,11585.634118205417,0.23019815998345383,5.047443779645492e-09
C5,11,800.0000000000001,36175.75204101145,3.8752376663343484,11358.906422430913,0.23087683782288446,5.047443779645492e-09
C5,12,872.7272727272727,36384.59958516796,3.8717437813670808,11132.17872665626,0.23156833368388488,5.047443779645492e-09
C5,13,945.4545454545455,36593.44712932439,3.8682911875277144,10905.451030881739,0.23227539285814583,5.047443779645492e-09
C5,14,1018.1818181818182,36802.29467348098,3.8648792711557585,10678.723335107203,0.23300112959255698,5.047443779645492e-09
C5,15,1090.909090909091,37011.14221763754,3.861507394064695,10451.995639332614,0.23374907128290326,5.047443779645492e-09
C5,16,1163.6363636363637,37219.98976179383,3.858174890233202,10225.267943558049,0.2345232078287542,5.047443779645492e-09
C5,17,1236.3636363636365,37428.83730595015,3.8548810625014434,9998.540247783443,0.2353280467236315,5.047443779645492e-09
C5,18,1309.0909090909092,37637.68485010673,3.8516251792417813,9771.812552008994,0.23616867451457565,5.047443779645492e-09
C5,19,1381.818181818182,37846.532394263326,3.848406470974729,9545.084856234458,0.23705082532950192,5.047443779645492e-09
C5,20,1454.5454545454547,38055.379938419894,3.845224126899419,9318.357160460051,0.23798095724053336,5.047443779645492e-09
C5,21,1527.2727272727275,38264.22748257652,3.842077291306868,9091.62946468558,0.2389663373063186,5.047443779645492e-09
C5,22,1600.0000000000002,38473.0750267328,3.838965059842698,8864.901768910995,0.2400151362160519,5.047443779645492e-09
C5,23,1672.727272727273,38681.92257088921,3.8358864755836684,8638.174073136528,0.24113653354215178,5.047443779645492e-09
C5,24,1745.4545454545455,38890.770115045554,3.832840742790933,8411.446377361946,0.24234144640773123,5.047443779645492e-09
C5,25,1818.1818181818182,39099.61765920201,3.829826347951957,8184.718681587358,0.2436403047694904,5.047443779645492e-09
C5,26,1890.909090909091,39308.46520335842,3.826842470054975,7957.990985812811,0.2450470006903387,5.047443779645492e-09
C5,27,1963.6363636363637,39517.31274751498,3.8238877957941266,7731.2632900383,0.24657579080349926,5.047443779645492e-09
C5,28,2036.3636363636365,39726.16029167146,3.820961033467901,7504.535594263801,0.24824295162774618,5.047443779645492e-09
C5,29,2109.0909090909095,39935.007835827986,3.81806080983523,7277.807898489206,0.2500666949374895,5.047443779645492e-09
C5,30,2181.818181818182,40143.8553799844,3.815185670077235,7051.080202714704,0.25206743859754144,5.047443779645492e-09
C5,31,2254.545454545455,40352.702924140794,3.812334058174371,6824.352506940176,0.254267982467032,5.047443779645492e-09
C5,32,2327.2727272727275,40561.55046829725,3.809504310977734,6597.624811165656,0.2566937685187213,5.047443779645492e-09
C5,33,2400.0,40770.39801245371,3.8066946520108083,6370.897115391136,0.25937318256179565,5.047443779645492e-09
C5,34,2472.727272727273,40979.245556610134,3.8039031817504085,6144.169419616639,0.2623378678403121,5.047443779645492e-09
C5,35,2545.4545454545455,41188.0931007666,3.801127866822982,5917.44172384213,0.2656230661708594,5.047443779645492e-09
C5,36,2618.1818181818185,41396.94064492322,3.798366528526042,5690.714028067632,0.26926797637803046,5.047443779645492e-09
C5,37,2690.909090909091,41605.788189079554,3.7956168267114956,5463.986332293109,0.2733162026561857,5.047443779645492e-09
C5,38,2763.636363636364,41814.635733235904,3.792876249402728,5237.258636518568,0.2778160891409512,5.047443779645492e-09
C5,39,2836.3636363636365,42023.483277392406,3.79014209221989,5010.530940744058,0.28282123765165507,5.047443779645492e-09
C5,40,2909.0909090909095,42232.330821548865,3.787411440212696,4783.803244969514,0.28839096038995116,5.047443779645492e-09
C5,41,2981.818181818182,42441.17836570545,3.7846811433819423,4557.075549195007,0.2945908266635302,5.047443779645492e-09
C5,42,3054.545454545455,42650.02590986191,3.7819478001985596,4330.34785342049,0.3014929842632223,5.047443779645492e-09
C5,43,3127.2727272727275,42858.87345401848,3.7792077203435777,4103.620157645988,0.30917684354531483,5.047443779645492e-09
C5,44,3200.0000000000005,43067.72099817481,3.7764568980061646,3876.892461871461,0.3177294361294591,5.047443779645492e-09
C5,45,3272.727272727273,43276.568542331195,3.7736909728807615,3650.1647660969466,0.3272459030685623,5.047443779645492e-09
C5,46,3345.454545454546,43485.41608648766,3.770905192806862,3423.4370703224204,0.33782978861570384,5.047443779645492e-09
C5,47,3418.1818181818185,43694.26363064419,3.7680943524253614,3196.7093745479033,0.34959368477901087,5.047443779645492e-09
C5,48,3490.909090909091,43903.11117480062,3.7652527596953838,2969.9816787733903,0.36265916277599874,5.047443779645492e-09
C5,49,3563.636363636364,44111.958718957,3.762374148893283,2743.2539829988805,0.3771579326166029,5.047443779645492e-09
C5,50,3636.3636363636365,44320.806263113445,3.759451615816866,2516.52628722437,0.393233167253962,5.047443779645492e-09
C5,51,3709.0909090909095,44529.653807270006,3.7564775268122887,2289.7985914498518,0.41104347557449916,5.047443779645492e-09
C5,52,3781.818181818182,44738.50135142637,3.7534434184506793,2063.0708956753406,0.43077282616582363,5.047443779645492e-09
C5,53,3854.545454545455,44947.34889558285,3.75033985439882,1836.3431999008262,0.45265672936396434,5.047443779645492e-09
C5,54,3927.2727272727275,45156.19643973931,3.74715632114166,1609.6155041263169,0.47704815316429094,5.047443779645492e-09
C5,55,4000.0000000000005,45365.04398389575,3.74388100332357,1382.8878083518039,0.504601600083814,5.047443779645492e-09
C5,56,4072.727272727273,45573.89152805203,3.7405006144595587,1156.1601125772936,0.5368067363225157,5.047443779645492e-09
C5,57,4145.454545454546,45782.739072208504,3.737000122615726,929.4324168027898,0.5777494473877273,5.047443779645492e-09
C5,58,4218.181818181819,45991.58661636501,3.733362450958228,702.7047210282816,0.6410572110075788,5.047443779645492e-09
C5,59,4290.909090909091,46200.43416052146,3.729568103429473,475.9770252537741,0.786986264374086,5.047443779645492e-09
C5,60,4363.636363636364,46409.281704740846,3.7255947036757666,249.2493294722273,1.4865459651168091,5.047443779645492e-09
C5,61,4371.983893548992,46433.25292016931,3.7251260588783635,223.22585641287728,1.7251160588783623,5.047443779645492e-09
C6,0,0.0,46433.25292016931,3.980649814287244,223.22585641287728,1.3140454028931792,5.047443779645492e-09
C6,1,72.72727272727273,46155.03627634479,3.9836116184811527,488.1197343149438,0.43167502471004154,5.047443826250516e-09
C6,2,145.45454545454547,45945.244343376144,3.985681198887066,714.8610177931438,0.3174877883534917,5.047444896297263e-09
C6,3,218.1818181818182,45736.373186711164,3.9876623041300814,941.5885787013775,0.27078137498189114,5.047448682604724e-09
C6,4,290.90909090909093,45527.524987450495,3.9895778918965257,1168.316016612111,0.24144755630431397,5.047456223446272e-09
C6,5,363.6363636363637,45318.67742532866,3.991440161233498,1395.0432957901735,0.2183512255099212,5.047468624594433e-09
C6,6,436.3636363636364,45109.82988080935,3.9932595892599148,1621.770364167034,0.19835307186550505,5.04748747487455e-09
C6,7,509.0909090909091,44900.98233664378,3.9950453721734225,1848.4971564605376,0.18043052035901655,5.047514790950231e-09
C6,8,581.8181818181819,44692.134792487064,3.996805621200399,2075.2236068531165,0.1642009828032772,5.04755262176884e-09
C6,9,654.5454545454546,44483.28724833049,3.9985475197751468,2301.949628872852,0.14948633779398376,5.04760369334256e-09
C6,10,727.2727272727274,44274.4397041738,4.00027746299292,2528.675136557579,0.13617271179119517,5.047670739346266e-09
C6,11,800.0000000000001,44065.592160017266,4.002001150857839,2755.4000449689547,0.12416456313843141,5.047756485275884e-09
C6,12,872.7272727272727,43856.744615860756,4.003723693967393,2982.124274782026,0.11337013751931538,5.04786350140442e-09
C6,13,945.4545454545455,43647.897071704174,4.005449686209435,3208.847756450333,0.10369825002927958,5.047994066575532e-09
C6,14,1018.1818181818182,43439.04952754771,4.007183269754298,3435.5704344644446,0.09505859186765964,5.0481500271482825e-09
C6,15,1090.909090909091,43230.201983391205,4.008928191172125,3662.2922681928317,0.08736294767781201,5.048332764166846e-09
C6,16,1163.6363636363637,43021.354439234674,4.010687846287644,3889.0132330103424,0.08052648365447973,5.048543151480087e-09
C6,17,1236.3636363636365,42812.50689507809,4.012465333639528,4115.733318792173,0.0744683501481845,5.048781598143381e-09
C6,18,1309.0909090909092,42603.659350921436,4.014263465424082,4342.452532068511,0.06911292017121348,5.0490479748178054e-09
C6,19,1381.818181818182,42394.811806764694,4.01608481891073,4569.170892776515,0.06438957349246671,5.0493417143610466e-09
C6,20,1454.5454545454547,42185.96426260804,4.017931756423594,4795.888431955523,0.060232965896561824,5.049661883333423e-09
C6,21,1527.2727272727275,41977.11671845142,4.019806443820066,5022.605190086087,0.05658310132569067,5.050007234155486e-09
C6,22,1600.0000000000002,41768.26917429501,4.021710875281719,5249.321214365638,0.05338503850334396,5.050376292179793e-09
C6,23,1672.727272727273,41559.421630138495,4.023646888080905,5476.036557189509,0.05058872861203773,5.050767404864493e-09
C6,24,1745.4545454545455,41350.57408598186,4.025616179660804,5702.751273136116,0.048148686121075916,5.051178839538998e-09
C6,25,1818.1818181818182,41141.72654182525,4.027620318141942,5929.4654171388875,0.04602376420251009,5.051608843331695e-09
C6,26,1890.909090909091,40932.87899766866,4.029660756765608,6156.1790434724735,0.04417676986799339,5.0520556770193335e-09
C6,27,1963.6363636363637,40724.0314535121,4.031738843321,6382.89220461278,0.04257418029147518,5.052517653087865e-09
C6,28,2036.3636363636365,40515.18390935538,4.033855830000143,6609.604950794455,0.04118582454005299,5.052993151319599e-09
C6,29,2109.0909090909095,40306.33636519889,4.036012879377795,6836.317328272087,0.03998464905567985,5.05348067569187e-09
C6,30,2181.818181818182,40097.48882104219,4.038211074866962,7063.029379853384,0.038946365256945885,5.053978838397878e-09
C6,31,2254.545454545455,39888.64127688568,4.040451425501188,7289.741144424431,0.03804923761649926,5.054486375954515e-09
C6,32,2327.2727272727275,39679.79373272916,4.042734872270996,7516.452656877872,0.03727383415687665,5.05500215221333e-09
C6,33,2400.0,39470.94618857266,4.045062293487281,7743.163948152767,0.036602805176182224,5.055525157656122e-09
C6,34,2472.727272727273,39262.09864441613,4.047434509648571,7969.875065453858,0.03602067973401814,5.056053862198707e-09
C6,35,2545.4545454545455,39053.25110025948,4.049852287879278,8196.586010485453,0.0355136793503472,5.056588195287986e-09
C6,36,2618.1818181818185,38844.403556102894,4.0523163459981095,8423.296803419693,0.03506954777324453,5.0571274925354075e-09
C6,37,2690.909090909091,38635.55601194628,4.054827356269056,8650.007461310428,0.03467739615766785,5.057671192420492e-09
C6,38,2763.636363636364,38426.70846778969,4.057385947531788,8876.717998245002,0.03432758200030844,5.058218829363614e-09
C6,39,2836.3636363636365,38217.860923633234,4.059992429483536,9103.42841100279,0.03401131378141497,5.058770492864262e-09
C6,40,2909.0909090909095,38009.01337947662,4.062648210216456,9330.138737927187,0.03372158997340205,5.0593249427399534e-09
C6,41,2981.818181818182,37800.16583532016,4.0653529581383925,9556.848971150454,0.03345116284848623,5.059882421094919e-09
C6,42,3054.545454545455,37591.31829116339,4.068107366716503,9783.559103574635,0.03319428301988704,5.060443143681528e-09
C6,43,3127.2727272727275,37382.470747007064,4.070912108623587,10010.269150486867,0.03294579198279118,5.0610066120805165e-09
C6,44,3200.0000000000005,37173.623202850315,4.073767488181484,10236.979113084468,0.032701062453481484,5.061572780029961e-09
C6,45,3272.727272727273,36964.77565869374,4.07667392443766,10463.688991142115,0.03245607057173734,5.062141647228023e-09
C6,46,3345.454545454546,36755.9281145373,4.079631816888179,10690.398783172548,0.032207286997245156,5.062713254480898e-09
C6,47,3418.1818181818185,36547.08057038067,4.082641548038641,10917.108486559537,0.0319516220662762,5.063287679380425e-09
C6,48,3490.909090909091,36338.23302622404,4.085703486001295,11143.818097674728,0.03168637660195109,5.063865032480766e-09
C6,49,3563.636363636364,36129.385482067446,4.088818035504337,11370.527624252902,0.03140918604374644,5.064445062157515e-09
C6,50,3636.3636363636365,35920.53793791099,4.091985398881401,11597.237036381666,0.03111803987315013,5.065028718806853e-09
C6,51,3709.0909090909095,35711.6903937544,4.095206062441481,11823.94634025483,0.030811128437792278,5.0656158016137024e-09
C6,52,3781.818181818182,35502.84284959786,4.0984804766788985,12050.65554334562,0.03048687958188581,5.066206068305301e-09
C6,53,3854.545454545455,35293.995305441174,4.101808705449216,12277.364624837834,0.030144049209687235,5.066800179895475e-09
C6,54,3927.2727272727275,35085.147761284556,4.105191208405594,12504.073576893112,0.02978146517779481,5.067398384257107e-09
C6,55,4000.0000000000005,34876.30021712796,4.108628329736061,12730.782391086917,0.029398165587163686,5.068000947771804e-09
C6,56,4072.727272727273,34667.45267297142,4.112120429351069,12957.491058519552,0.02899331725369627,5.068608152178774e-09
C6,57,4145.454545454546,34458.605128814874,4.115667880723966,13184.199549534555,0.028566217799592425,5.069220942040298e-09
C6,58,4218.181818181819,34249.75758465839,4.119271077014712,13410.907894909667,0.028116274421646503,5.0698383332152835e-09
C6,59,4290.909090909091,34040.91004050186,4.122930436052766,13637.616064070666,0.027642989630178756,5.070461298588177e-09
C6,60,4363.636363636364,33832.06249634543,4.126646405791794,13864.324046365487,0.02714594841977432,5.071090176887504e-09
C6,61,4371.996417251793,33808.05531717967,4.127077254972797,13890.384282967409,0.027087254972798094,5.071162881395261e-09
C7,0,0.0,33808.05531717967,3.918030230432859,13890.384282967409,0.22359303681456952,5.071162881395261e-09
C7,1,72.72727272727273,34086.277711448434,3.9125916498125015,13625.485495380679,0.22435502432695487,5.071162881395261e-09
C7,2,145.45454545454547,34296.08468573481,3.908635522663703,13398.748970315226,0.22499766470195698,5.071162881395261e-09
C7,3,218.1818181818182,34504.935477771556,3.904744610836149,13172.021378540136,0.22563966830382837,5.071162881395261e-09
C7,4,290.90909090909093,34713.783250914734,3.9009000506764995,12945.293684079872,0.22628184431345932,5.071162881395261e-09
C7,5,363.6363636363637,34922.63081117168,3.8971012319143012,12718.565988321818,0.22692510806649752,5.071162881395261e-09
C7,6,436.3636363636364,35131.47835645701,3.89334760460722,12491.838292547518,0.2275705235388313,5.071162881395261e-09
C7,7,509.0909090909091,35340.32590069254,3.8896386281094277,12265.110596772975,0.22821932100497658,5.071162881395261e-09
C7,8,581.8181818181819,35549.17344485442,3.8859737634309703,12038.382900998446,0.22887291716316333,5.071162881395261e-09
C7,9,654.5454545454546,35758.02098901139,3.8823522817725906,11811.655205223895,0.22953290437057722,5.071162881395261e-09
C7,10,727.2727272727274,35966.868533167944,3.8787740475310186,11584.927509449342,0.23020120905587452,5.071162881395261e-09
C7,11,800.0000000000001,36175.7160773245,3.8752382716864413,11358.199813674795,0.23087992292898793,5.071162881395261e-09
C7,12,872.7272727272727,36384.563621480935,3.8717443795435966,11131.472117900297,0.2315714628483533,5.071162881395261e-09
C7,13,945.4545454545455,36593.41116563755,3.868291778629617,10904.744422125847,0.2322785751917954,5.071162881395261e-09
C7,14,1018.1818181818182,36802.25870979406,3.864879855288115,10678.01672635127,0.2330043754226033,5.071162881395261e-09
C7,15,1090.909090909091,37011.10625395049,3.861507971337255,10451.289030576696,0.23375239229847683,5.071162881395261e-09
C7,16,1163.6363636363637,37219.953798106995,3.8581754607610024,10224.561334802223,0.23452661724336987,5.071162881395261e-09
C7,17,1236.3636363636365,37428.8013422635,3.8548816264053847,9997.83363902774,0.23533155945649234,5.071162881395261e-09
C7,18,1309.0909090909092,37637.64888641992,3.85162573664926,9771.105943253076,0.23617230739278422,5.071162881395261e-09
C7,19,1381.818181818182,37846.49643057627,3.848407022020228,9544.378247478584,0.2370545973134568,5.071162881395261e-09
C7,20,1454.5454545454547,38055.343974732816,3.845224671725142,9317.650551704142,0.23798488967503345,5.071162881395261e-09
C7,21,1527.2727272727275,38264.19151888933,3.842077830063417,9090.922855929533,0.2389704542001096,5.071162881395261e-09
C7,22,1600.0000000000002,38473.03906304574,3.838965592689752,8864.19516015504,0.24001946455282636,5.071162881395261e-09
C7,23,1672.727272727273,38681.88660720232,3.835887002690714,8637.467464380565,0.24114110362628155,5.071162881395261e-09
C7,24,1745.4545454545455,38890.734151358774,3.8328412645470675,8410.739768606058,0.24234629307806732,5.071162881395261e-09
C7,25,1818.1818181818182,39099.58169551501,3.8298268644587683,8184.012072831578,0.24364546587663746,5.071162881395261e-09
C7,26,1890.909090909091,39308.42923967155,3.8268429814096327,7957.284377057067,0.2450525188696223,5.071162881395261e-09
C7,27,1963.6363636363637,39517.27678382805,3.823888302204259,7730.556681282526,0.24658171398647735,5.071162881395261e-09
C7,28,2036.3636363636365,39726.12432798458,3.820961535156859,7503.828985508056,0.24824933345448583,5.071162881395261e-09
C7,29,2109.0909090909095,39934.9718721411,3.818061307053244,7277.1012897334385,0.25007359546387325,5.071162881395261e-09
C7,30,2181.818181818182,40143.819416297556,3.8151861631066364,7050.373593958967,0.25207492510718504,5.071162881395261e-09
C7,31,2254.545454545455,40352.666960454066,3.8123345472923043,6823.645898184463,0.2542761299817402,5.071162881395261e-09
C7,32,2327.2727272727275,40561.51450461056,3.809504796480093,6596.918202409918,0.2567026607754414,5.071162881395261e-09
C7,33,2400.0,40770.36204876714,3.806695134213803,6370.19050663539,0.2593829129482366,5.071162881395261e-09
C7,34,2472.727272727273,40979.20959292372,3.8039036609923307,6143.462810860836,0.26234854041486155,5.071162881395261e-09
C7,35,2545.4545454545455,41188.05713708005,3.801128343466181,5916.735115086322,0.26563479676964025,5.071162881395261e-09
C7,36,2618.1818181818185,41396.904681236556,3.798367002957651,5690.007419311785,0.26928089383456794,5.071162881395261e-09
C7,37,2690.909090909091,41605.75222539324,3.795617299350659,5463.279723537218,0.2733304500057594,5.071162881395261e-09
C7,38,2763.636363636364,41814.59976954968,3.792876720698656,5236.5520277626965,0.2778318250580007,5.071162881395261e-09
C7,39,2836.3636363636365,42023.44731370604,3.790142562656457,5009.82433198818,0.2828386378656789,5.071162881395261e-09
C7,40,2909.0909090909095,42232.294857862515,3.7874119103119637,4783.096636213618,0.2884102191815417,5.071162881395261e-09
C7,41,2981.818181818182,42441.14240201902,3.7846816137014123,4556.368940439084,0.29461215855929024,5.071162881395261e-09
C7,42,3054.545454545455,42649.98994617538,3.7819482713517787,4329.641244664555,0.301516625194804,5.071162881395261e-09
C7,43,3127.2727272727275,42858.83749033185,3.779208192992135,4102.913548890013,0.3092030526527554,5.071162881395261e-09
C7,44,3200.0000000000005,43067.6850344884,3.776457372866348,3876.185853115481,0.31775849715537974,5.071162881395261e-09
C7,45,3272.727272727273,43276.53257864472,3.7736914507440487,3649.4581573409496,0.32727812536149575,5.071162881395261e-09
C7,46,3345.454545454546,43485.38012280123,3.770905674532232,3422.730461566429,0.3378655086144312,5.071162881395261e-09
C7,47,3418.1818181818185,43694.22766695768,3.768094838929838,3196.0027657919063,0.3496332676094443,5.071162881395261e-09
C7,48,3490.909090909091,43903.07521111411,3.765253252017782,2969.275070017382,0.3627030025737648,5.071162881395261e-09
C7,49,3563.636363636364,44111.92275527049,3.7623746481649905,2742.5473742428494,0.377206456508778,5.071162881395261e-09
C7,50,3636.3636363636365,44320.770299427095,3.7594521232868274,2515.81967846833,0.39328684252065227,5.071162881395261e-09
C7,51,3709.0909090909095,44529.61784358352,3.756478043863558,2289.091982693812,0.4111028285246556,5.071162881395261e-09
C7,52,3781.818181818182,44738.46538773996,3.7534439465959255,2062.364286919306,0.4308384908575056,5.071162881395261e-09
C7,53,3854.545454545455,44947.31293189655,3.750340395403788,1835.6365911447874,0.4527295695571307,5.071162881395261e-09
C7,54,3927.2727272727275,45156.16047605312,3.747156876923021,1608.9088953702812,0.4771295921742822,5.071162881395261e-09
C7,55,4000.0000000000005,45365.00802020955,3.7438815759751365,1382.1811995957748,0.5046945432629287,5.071162881395261e-09
C7,56,4072.727272727273,45573.855564366066,3.7405012064450487,1155.4535038212725,0.5369183545189573,5.071162881395261e-09
C7,57,4145.454545454546,45782.703108522626,3.737000736689498,928.7258080467731,0.5779009539865354,5.071162881395261e-09
C7,58,4218.181818181819,45991.55065267905,3.7333630902572845,701.9981122722606,0.6413260891968212,5.071162881395261e-09
C7,59,4290.909090909091,46200.398196835566,3.7295687715443546,475.2704164977521,0.787768596354023,5.071162881395261e-09
C7,60,4363.636363636364,46409.24574090914,3.725595404741433,248.54272072011435,1.4920562938535735,5.071162881395261e-09
C7,61,4371.759587538183,46432.57282714598,3.725139394237426,223.21852295421726,1.7251293942374155,5.071162881395261e-09
C8,0,0.0,46432.57282714598,3.9806571444981667,223.21852295421726,1.3141184249937694,5.071162881395261e-09
C8,1,72.72727272727273,46154.356183296986,3.9836184728155564,488.11240087251076,0.4316805383169264,5.071162927992564e-09
C8,2,145.45454545454547,45944.56425037374,3.9856877697573823,714.8536843367172,0.31748893477104073,5.0711639979754355e-09
C8,3,218.1818181818182,45735.693093670285,3.98766864105762,941.5812452492129,0.2707815505545367,5.0711677841764825e-09
C8,4,290.90909090909093,45526.84489440804,3.9895840366636586,1168.3086831644334,0.24144742542970654,5.071175324880668e-09
C8,5,363.6363636363637,45317.997332285915,3.9914461502490597,1395.0359623483641,0.21835096256969194,5.071187725849392e-09
C8,6,436.3636363636364,45109.14978776661,3.9932654544251664,1621.7630307329775,0.19835273081643648,5.0712065758922736e-09
C8,7,509.0909090909091,44900.30224360092,3.9950511415682004,1848.4898230364881,0.18043012013468626,5.07123389166084e-09
C8,8,581.8181818181819,44691.45469944422,3.996811319648266,2075.216273441591,0.1642005312667936,5.071271722094207e-09
C8,9,654.5454545454546,44482.60715528775,3.9985531693107927,2301.94229547656,0.1494858392730614,5.071322793195732e-09
C8,10,727.2727272727274,44273.759611131136,4.000283083249569,2528.6678031792967,0.13617216953510883,5.071389838638241e-09
C8,11,800.0000000000001,44064.91206697454,4.002006759394685,2755.3927116114087,0.1241639801481979,5.071475583920199e-09
C8,12,872.7272727272727,43856.064522818095,4.003729306542824,2982.116941447604,0.11336951674826332,5.0715825993219625e-09
C8,13,945.4545454545455,43647.21697866148,4.0054553170117275,3208.840423141097,0.10369759441814862,5.0717131636985545e-09
C8,14,1018.1818181818182,43438.36943450498,4.007188931598017,3435.5631011819205,0.09505790431071377,5.071869123425221e-09
C8,15,1090.909090909091,43229.52189034853,4.00893389566521,3662.284934938143,0.08736223098070889,5.072051859560384e-09
C8,16,1163.6363636363637,43020.67434619197,4.010693603975047,3889.005899784024,0.08052574050166961,5.072262245968976e-09
C8,17,1236.3636363636365,42811.826802035386,4.01247115412322,4115.725985594219,0.07446758306776026,5.072500691724101e-09
C8,18,1309.0909090909092,42602.97925787879,4.014269357472546,4342.445198898517,0.06911213153250542,5.0727670675019055e-09
C8,19,1381.818181818182,42394.131713722185,4.01609079054833,4569.163559633661,0.06438876549396613,5.073060806173229e-09
C8,20,1454.5454545454547,42185.28416956568,4.017937815009547,4795.881098838615,0.06023214056576142,5.0733809743091996e-09
C8,21,1527.2727272727275,41976.436625409006,4.019812596118434,5022.597856993711,0.05658226052005139,5.073726324339176e-09
C8,22,1600.0000000000002,41767.58908125241,4.021717127521021,5249.313881296193,0.05338418391933997,5.074095381621954e-09
C8,23,1672.727272727273,41558.74153709588,4.023653246007061,5476.029224141256,0.050587861793327374,5.074486493620844e-09
C8,24,1745.4545454545455,41349.893992939295,4.025622648583204,5702.7439401072525,0.04814780846621322,5.074897927665916e-09
C8,25,1818.1818181818182,41141.04644878261,4.027626902974598,5929.458084127696,0.04602287697720619,5.075327930885843e-09
C8,26,1890.909090909091,40932.1989046261,4.029667462062963,6156.171710477204,0.04417587421424083,5.075774764056264e-09
C8,27,1963.6363636363637,40723.35136046954,4.031745673309879,6382.8848716317525,0.042573277237521766,5.076236739660962e-09
C8,28,2036.3636363636365,40514.50381631294,4.033862788607995,6609.597617826092,0.041184915010217024,5.076712237479476e-09
C8,29,2109.0909090909095,40305.656272156266,4.036019970258461,6836.309995314948,0.039983733878876666,5.077199761485351e-09
C8,30,2181.818181818182,40096.80872799973,4.0382183014229325,7063.022046906135,0.03894544517599423,5.077697923867859e-09
C8,31,2254.545454545455,39887.96118384316,4.040458790904082,7289.733811485864,0.03804831329593602,5.0782054611397896e-09
C8,32,2327.2727272727275,39679.11363968652,4.042742379479912,7516.445323946966,0.03727290619040583,5.0787212371486085e-09
C8,33,2400.0,39470.26609552994,4.0450699452654035,7743.156615228519,0.036601874093543256,5.079244242372042e-09
C8,34,2472.727272727273,39261.418551373186,4.047442308578289,7969.867732535539,0.036019746007284414,5.079772946720637e-09
C8,35,2545.4545454545455,39052.57100721651,4.049860236376001,8196.578677572394,0.03551274339968975,5.08030727963916e-09
C8,36,2618.1818181818185,38843.72346305995,4.052324446322983,8423.289470511385,0.0350686099721796,5.080846576735615e-09
C8,37,2690.909090909091,38634.875918903366,4.054835610540691,8650.000128406275,0.03467645683783189,5.081390276486317e-09
C8,38,2763.636363636364,38426.02837474679,4.057394357737468,8876.710665344619,0.03432664145620588,5.0819379133087195e-09
C8,39,2836.3636363636365,38217.18083059026,4.060000997472073,9103.421078105788,0.03401037226774826,5.082489576701108e-09
C8,40,2909.0909090909095,38008.33328643367,4.062656937775027,9330.131405033244,0.0337206477310119,5.083044026475523e-09
C8,41,2981.818181818182,37799.485742277204,4.065361710066185,9556.841625728484,0.03345017226822611,5.083601905528179e-09
C8,42,3054.545454545455,37590.638198120745,4.068116502243854,9783.551769996162,0.033193359370530286,5.0841622490053466e-09
C8,43,3127.2727272727275,37381.79065396414,4.070921324383372,10010.261816919756,0.03294484866539642,5.084725717316702e-09
C8,44,3200.0000000000005,37172.943109807486,4.0737768695763075,10236.971779520185,0.032700119082448895,5.085291885179261e-09
C8,45,3272.727272727273,36964.095565650976,4.0766834727958345,10463.681657580695,0.03245512726882941,5.085860752289778e-09
C8,46,3345.454545454546,36755.24802149456,4.07964153347835,10690.39144961395,0.032206343869155045,5.086432359453192e-09
C8,47,3418.1818181818185,36546.4004773379,4.0826514413018264,10917.101164443031,0.03195067809133202,5.087006418991046e-09
C8,48,3490.909090909091,36337.55293318129,4.085713542664822,11143.810775553731,0.03168543409251664,5.0875837719949735e-09
C8,49,3563.636363636364,36128.70538902498,4.08882821558145,11370.520289862852,0.03140825573701444,5.0881641933526046e-09
C8,50,3636.3636363636365,35919.85784486839,4.091995880558312,11597.229714852512,0.03111707586753328,5.088747439780988e-09
C8,51,3709.0909090909095,35711.010300712085,4.095216755262249,11823.939032216465,0.030810155503137565,5.089334091539715e-09
C8,52,3781.818181818182,35502.16275655549,4.09849122704389,12050.648235298406,0.030485939087754113,5.089924358111182e-09
C8,53,3854.545454545455,35293.315212398964,4.1018194241367505,12277.3573016852,0.03014317945593861,5.0905189519703115e-09
C8,54,3927.2727272727275,35084.46766824238,4.105202312244842,12504.066253758132,0.02978052596152538,5.091117156195511e-09
C8,55,4000.0000000000005,34875.62012408592,4.108639612018485,12730.775067955949,0.029397227054309416,5.0917197195649235e-09
C8,56,4072.727272727273,34666.77257992936,4.112131891265948,12957.483735393482,0.028992379428883122,5.092326923817257e-09
C8,57,4145.454545454546,34457.92503577283,4.115679523517056,13184.192246701665,0.028565280690400256,5.0929390658071015e-09
C8,58,4218.181818181819,34249.077491616394,4.119282902003764,13410.900592064178,0.028115338056839193,5.09355645680782e-09
C8,59,4290.909090909091,34040.22994745983,4.122942444644517,13637.608761231804,0.02764205402435047,5.094179421995747e-09
C8,60,4363.636363636364,33831.38240330346,4.126658599500552,13864.316743532765,0.02714501358509217,5.0948083000989726e-09
C8,61,4371.7721185799455,33808.019332255804,4.127077899392252,13889.677788919686,0.02708789939225218,5.09487905239218e-09
C9,0,0.0,33808.019332255804,3.9180309242555325,13889.677788919686,0.22359599802965768,5.09487905239218e-09
C9,1,72.72727272727273,34086.24172526766,3.9125923324248943,13624.779002436799,0.2243579795606944,5.09487905239218e-09
C9,2,145.45454545454547,34296.04869758224,3.908636197149322,13398.042476277198,0.2250006169434043,5.09487905239218e-09
C9,3,218.1818181818182,34504.89949262319,3.904745277239178,13171.314884492454,0.2256426198002085,5.09487905239218e-09
C9,4,290.90909090909093,34713.74726597519,3.9009007091473302,12944.587190031936,0.2262847977044565,5.09487905239218e-09
C9,5,363.6363636363637,34922.59482624684,3.8971018825514827,12717.85949427396,0.22692806642831603,5.09487905239218e-09
C9,6,436.3636363636364,35131.442371533354,3.893348247504479,12491.131798499662,0.22757349043691785,5.09487905239218e-09
C9,7,509.0909090909091,35340.28991576885,3.889639263359658,12264.404102725162,0.22822230055322218,5.09487905239218e-09
C9,8,581.8181818181819,35549.13745993086,3.8859743911272147,12037.676406950643,0.22887591409030342,5.09487905239218e-09
C9,9,654.5454545454546,35757.985004087706,3.882352902132622,11810.948711176206,0.22953592409128895,5.09487905239218e-09
C9,10,727.2727272727274,35966.83254824403,3.878774660519061,11584.22101540169,0.23020425777104714,5.09487905239218e-09
C9,11,800.0000000000001,36175.68009240046,3.8752388773971327,11357.493319627187,0.23088300769543343,5.09487905239218e-09
C9,12,872.7272727272727,36384.52763655705,3.871744978074455,11130.765623852598,0.2315745916926489,5.09487905239218e-09
C9,13,945.4545454545455,36593.375180713614,3.8682923700816736,10904.037928078067,0.23228175722685807,5.09487905239218e-09
C9,14,1018.1818181818182,36802.222724870124,3.864880439766493,10677.310232303542,0.23300762097798045,5.09487905239218e-09
C9,15,1090.909090909091,37011.07026902643,3.8615085489517753,10450.582536529078,0.23375571306588944,5.09487905239218e-09
C9,16,1163.6363636363637,37219.917813182976,3.858176031626764,10223.854840754555,0.2345300264392114,5.09487905239218e-09
C9,17,1236.3636363636365,37428.76535733954,3.854882190643372,9997.127144979977,0.2353350720031632,5.09487905239218e-09
C9,18,1309.0909090909092,37637.61290149601,3.851626294386934,9770.399449205432,0.2361759401209373,5.09487905239218e-09
C9,19,1381.818181818182,37846.46044565249,3.8484075733921537,9543.67175343096,0.23705836918743944,5.09487905239218e-09
C9,20,1454.5454545454547,38055.307989809,3.845225216873609,9316.944057656408,0.23798882204403027,5.09487905239218e-09
C9,21,1527.2727272727275,38264.15553396536,3.842078369139119,9090.216361881925,0.23897457107773645,5.09487905239218e-09
C9,22,1600.0000000000002,38473.00307812184,3.838966125852455,8863.488666107458,0.2400237929281874,5.09487905239218e-09
C9,23,1672.727272727273,38681.850622278376,3.835887530110012,8636.760970332902,0.241145673809755,5.09487905239218e-09
C9,24,1745.4545454545455,38890.69816643482,3.832841786612241,8410.033274558387,0.2423511399159105,5.09487905239218e-09
C9,25,1818.1818181818182,39099.54571059123,3.829827381271391,8183.305578783861,0.24365062722640413,5.09487905239218e-09
C9,26,1890.909090909091,39308.39325474768,3.8268434930670097,7956.5778830093395,0.24505803737465082,5.09487905239218e-09
C9,27,1963.6363636363637,39517.24079890412,3.823888808914149,7729.850187234783,0.24658763758740349,5.09487905239218e-09
C9,28,2036.3636363636365,39726.088343060524,3.820962037142748,7503.122491460227,0.24825571580142033,5.09487905239218e-09
C9,29,2109.0909090909095,39934.93588721701,3.8180618045656196,7276.394795685667,0.2500804966245649,5.09487905239218e-09
C9,30,2181.818181818182,40143.78343137365,3.8151866564278736,7049.66709991112,0.2520824123771334,5.09487905239218e-09
C9,31,2254.545454545455,40352.63097553021,3.8123350366997197,6822.939404136613,0.2542842783963555,5.09487905239218e-09
C9,32,2327.2727272727275,40561.47851968664,3.8095052822697513,6596.211708362064,0.2567115540866519,5.09487905239218e-09
C9,33,2400.0,40770.3260638431,3.80669561670209,6369.484012587528,0.25939264456021,5.09487905239218e-09
C9,34,2472.727272727273,40979.173607999444,3.8039041405177434,6142.756316813024,0.262359214404023,5.09487905239218e-09
C9,35,2545.4545454545455,41188.021152155816,3.8011288203912645,5916.028621038521,0.26564652899182883,5.09487905239218e-09
C9,36,2618.1818181818185,41396.868696312304,3.7983674776697707,5689.300925263987,0.26929381314477285,5.09487905239218e-09
C9,37,2690.909090909091,41605.7162404687,3.795617772269208,5462.573229489484,0.27334469946252266,5.09487905239218e-09
C9,38,2763.636363636364,41814.56378462527,3.7928771922731,5235.845533714944,0.27784756336087785,5.09487905239218e-09
C9,39,2836.3636363636365,42023.411328781796,3.7901430333709443,5009.117837940433,0.28285604077109405,5.09487905239218e-09
C9,40,2909.0909090909095,42232.25887293822,3.787412380688866,4782.390142165919,0.2884294809987293,5.09487905239218e-09
C9,41,2981.818181818182,42441.10641709476,3.7846820842985327,4555.662446391397,0.2946334938453076,5.09487905239218e-09
C9,42,3054.545454545455,42649.95396125128,3.7819487427830234,4328.934750616902,0.3015402699125516,5.09487905239218e-09
C9,43,3127.2727272727275,42858.80150540786,3.7792086659194823,4102.207054842377,0.30922926597452444,5.09487905239218e-09
C9,44,3200.0000000000005,43067.64904956435,3.776457848006514,3875.4793590678573,0.3177875628560734,5.09487905239218e-09
C9,45,3272.727272727273,43276.4965937208,3.7736919288889608,3648.751663293318,0.3273103528217791,5.09487905239218e-09
C9,46,3345.454545454546,43485.344137877255,3.7709061565413453,3422.0239675188113,0.33790123430433094,5.09487905239218e-09
C9,47,3418.1818181818185,43694.191682033765,3.768095325720692,3195.296271744279,0.3496728566864009,5.09487905239218e-09
C9,48,3490.909090909091,43903.03922619029,3.7652537446298093,2968.5685759697726,0.3627468492046963,5.09487905239218e-09
C9,49,3563.636363636364,44111.88677034677,3.762375147730221,2741.840880195263,0.377254987861558,5.09487905239218e-09
C9,50,3636.3636363636365,44320.734314503185,3.7594526310549354,2515.1131844207484,0.39334052594519586,5.09487905239218e-09
C9,51,3709.0909090909095,44529.58185865965,3.756478561218385,2288.3854886462505,0.4111621904809133,5.09487905239218e-09
C9,52,3781.818181818182,44738.42940281626,3.7534444750510523,2061.6577928717134,0.4309041657689535,5.09487905239218e-09
C9,53,3854.545454545455,44947.276946972735,3.7503409367260074,1834.930097097219,0.45280242210906535,5.09487905239218e-09
C9,54,3927.2727272727275,45156.124491129114,3.7471574330300914,1608.2024013227074,0.4772110481307265,5.09487905239218e-09
C9,55,4000.0000000000005,45364.97203528555,3.7438821489615943,1381.4747055482035,0.504787514922523,5.09487905239218e-09
C9,56,4072.727272727273,45573.81957944191,3.740501798776573,1154.7470097736934,0.5370300337743961,5.09487905239218e-09
C9,57,4145.454545454546,45782.66712359839,3.737001351121843,928.0193139991873,0.5780526288779243,5.09487905239218e-09
C9,58,4218.181818181819,45991.5146677548,3.733363729929238,701.291618224676,0.6415955766948926,5.09487905239218e-09
C9,59,4290.909090909091,46200.36221191124,3.7295694400484867,474.56392245016815,0.7885542505210256,5.09487905239218e-09
C9,60,4363.636363636364,46409.20975584624,3.7255961062148977,247.83622667873524,1.497612715133665,5.09487905239218e-09
C9,61,4371.531756753793,46431.882590959875,3.725152922906287,223.22229270844178,1.725142922906283,5.09487905239218e-09
C10,0,0.0,46431.882590959875,3.9806645827260074,223.22229270844178,1.3140794470316741,5.09487905239218e-09
C10,1,72.72727272727273,46153.665947123336,3.9836254283498227,488.1161706185372,0.43167626386563757,5.094879098993452e-09
C10,2,145.45454545454547,45943.87401420803,3.985694437773268,714.857454091144,0.317486905296881,5.09488016900916e-09
C10,3,218.1818181818182,45735.00285752379,3.9876750717900715,941.585015001451,0.27078002014718866,5.094883955264907e-09
C10,4,290.90909090909093,45526.15465826226,3.9895902724993215,1168.3124529143702,0.24144605255243073,5.094891496039704e-09
C10,5,363.6363636363637,45317.30709614024,3.991452228123497,1395.0397320952782,0.21834965758093045,5.094903897100666e-09
C10,6,436.3636363636364,45108.45955162102,3.9932714067015507,1621.7668004759016,0.19835146597953915,5.094922747265495e-09
C10,7,509.0909090909091,44899.61200745557,3.9950569967336347,1848.4935927742695,0.1804288857168236,5.0949500631919294e-09
C10,8,581.8181818181819,44690.764463298845,3.996817102886428,2075.220043172935,0.1641993232259035,5.094987893823327e-09
C10,9,654.5454545454546,44481.916919142226,3.998558902976723,2301.9460652000953,0.14948465538451575,5.0950389651675744e-09
C10,10,727.2727272727274,44273.06937498566,4.000288787261132,2528.671572893582,0.1361710081285269,5.095106010898544e-09
C10,11,800.0000000000001,44064.22183082905,4.002012451567084,2755.396481315038,0.12416283968098668,5.095191756513394e-09
C10,12,872.7272727272727,43855.37428667252,4.003735002863774,2982.1207111393437,0.11336839570224841,5.095298772288689e-09
C10,13,945.4545454545455,43646.52674251604,4.005461031876233,3208.8441928198968,0.10369649128164565,5.095429337073601e-09
C10,14,1018.1818181818182,43437.67919835943,4.007194678007467,3435.566870846976,0.09505681759593057,5.095585297235128e-09
C10,15,1090.909090909091,43228.831654202935,4.0089396853969115,3662.2887045889156,0.08736115924539904,5.095768033824293e-09
C10,16,1163.6363636363637,43019.984110046425,4.010699447728042,3889.009669420202,0.08052468236607192,5.095978420697701e-09
C10,17,1236.3636363636365,42811.13656588998,4.0124770616395065,4115.729755215842,0.07446653723203901,5.09621686691941e-09
C10,18,1309.0909090909092,42602.28902173331,4.014275337648787,4342.448968505767,0.06911109677871216,5.0964832431578084e-09
C10,19,1381.818181818182,42393.441477576715,4.016096851526251,4569.167329226987,0.06438774069198934,5.0967769822769565e-09
C10,20,1454.5454545454547,42184.59393342003,4.0179439642561094,4795.884868418682,0.06023112467351738,5.097097150842384e-09
C10,21,1527.2727272727275,41975.74638926348,4.019818840496655,5022.60162656119,0.056581252582636944,5.097442501278937e-09
C10,22,1600.0000000000002,41766.89884510687,4.021723473350631,5249.3176508519155,0.05338318306468332,5.097811558942196e-09
C10,23,1672.727272727273,41558.051300950385,4.02365969911817,5476.032993686091,0.05058686722800089,5.0982026712930696e-09
C10,24,1745.4545454545455,41349.20375679377,4.025629214362966,5702.747709642167,0.04814681947113959,5.098614105661066e-09
C10,25,1818.1818181818182,41140.3562126374,4.027633586409064,5929.4618536535645,0.0460218929017606,5.099044109174712e-09
C10,26,1890.909090909091,40931.50866848071,4.02967426777337,6156.175479994915,0.04417489447139818,5.099490942610239e-09
C10,27,1963.6363636363637,40722.661124324084,4.031752605585058,6382.888641142146,0.04257230129872874,5.099952918452532e-09
C10,28,2036.3636363636365,40513.81358016741,4.03386985143303,6609.601387329968,0.0411839424004286,5.100428416482696e-09
C10,29,2109.0909090909095,40304.96603601089,4.036027167340787,6836.3137648130605,0.03998276417190816,5.10091594067613e-09
C10,30,2181.818181818182,40096.11849185422,4.0382256362149995,7063.02581639918,0.03894447799000026,5.1014141032241425e-09
C10,31,2254.545454545455,39887.270947697725,4.040466266624073,7289.737580974471,0.03804734828931199,5.101921640641648e-09
C10,32,2327.2727272727275,39678.42340354117,4.042749999130376,7516.449093431739,0.03727194305795831,5.1024374167781945e-09
C10,33,2400.0,39469.57585938461,4.045077711650107,7743.160384709937,0.03660091256296051,5.1029604221136e-09
C10,34,2472.727272727273,39260.728315228,4.04745022431756,7969.871502013882,0.03601878583589721,5.103489126561882e-09
C10,35,2545.4545454545455,39051.880771071534,4.04986830392074,8196.58244704805,0.0355117843715097,5.104023459568152e-09
C10,36,2618.1818181818185,38843.033226915,4.05233266796756,8423.29323998464,0.035067651895200835,5.104562756742183e-09
C10,37,2690.909090909091,38634.1856827585,4.0548439884348655,8650.003897877317,0.03467549954157696,5.105106456561941e-09
C10,38,2763.636363636364,38425.33813860206,4.057402893897756,8876.714434813748,0.03432568478952549,5.105654093446393e-09
C10,39,2836.3636363636365,38216.49059444552,4.060009693779038,9103.424847573237,0.03400941609664418,5.106205756894561e-09
C10,40,2909.0909090909095,38007.643050288854,4.062665796032973,9330.135174499088,0.033719691937249836,5.1067602067210306e-09
C10,41,2981.818181818182,37798.79550613235,4.065370731933095,9556.845395192959,0.03344921674694599,5.107318085822218e-09
C10,42,3054.545454545455,37589.947961975675,4.06812568931242,9783.555539459141,0.03319240402981307,5.107878429346e-09
C10,43,3127.2727272727275,37381.10041781898,4.070930678140522,10010.265586381265,0.03294389342378109,5.10844189770267e-09
C10,44,3200.0000000000005,37172.25287366266,4.073786391442719,10236.97554898033,0.03269916386860936,5.109008065610192e-09
C10,45,3272.727272727273,36963.40532950603,4.0766931641194715,10463.685427039281,0.03245417202004245,5.109576932766039e-09
C10,46,3345.454545454546,36754.55778534953,4.079651395546631,10690.39521907108,0.03220538853045502,5.110148539975801e-09
C10,47,3418.1818181818185,36545.71024119291,4.082661468126498,10917.104922459503,0.031949723729623264,5.11072296483076e-09
C10,48,3490.909090909091,36336.8626970363,4.085723773498817,11143.814545375975,0.03168447365158417,5.111299941149336e-09
C10,49,3563.636363636364,36128.01515287979,4.08883864548042,11370.52407194578,0.031407288082190336,5.111879970777036e-09
C10,50,3636.3636363636365,35919.167608723204,4.092006437570594,11597.233496923001,0.031116119746426665,5.11246321726059e-09
C10,51,3709.0909090909095,35710.320064566775,4.095227371324211,11823.94280078675,0.030809230965596592,5.113050300012852e-09
C10,52,3781.818181818182,35501.47252041028,4.0985021383276745,12050.65200387928,0.030484982392831206,5.113640566646264e-09
C10,53,3854.545454545455,35292.624976253675,4.101830722085388,12277.361085373537,0.030142152320574645,5.114234678174505e-09
C10,54,3927.2727272727275,35083.77743209729,4.105213582282152,12504.070020875753,0.029779568611096457,5.114833410956971e-09
C10,55,4000.0000000000005,34874.92988794084,4.108651063164222,12730.77883508799,0.029396269352290037,5.115435974401106e-09
C10,56,4072.727272727273,34666.082343784234,4.112143524727276,12957.48750252233,0.028991421362637937,5.116043178732967e-09
C10,57,4145.454545454546,34457.234799627615,4.115691340558517,13184.19601382794,0.028564322249208532,5.116655320807392e-09
C10,58,4218.181818181819,34248.38725547103,4.119294903963045,13410.904359187674,0.028114379231680656,5.117272711897976e-09
C10,59,4290.909090909091,34039.539711314326,4.122954632949658,13637.612528352263,0.027641094807676802,5.1178956771812796e-09
C10,60,4363.636363636364,33830.692167157904,4.1266709756888345,13864.320510650055,0.027144053970627736,5.1185245553856175e-09
C10,61,4371.544296969184,33807.98332088906,4.1270785437020985,13888.971382999534,0.027088543702098504,5.118593324836932e-09
