Time,String 1 Iapp,String 2 Iapp,String 3 Iapp,"Cell 1,1 Voltage","Cell 1,2 Voltage","Cell 1,3 Voltage","Cell 2,1 Voltage","Cell 2,2 Voltage","Cell 2,3 Voltage"
0.0,-1.2059525009306642,-1.2043004149091001,-1.1980448716602354,3.847242980196769,3.8472196137862387,3.847191183953365,3.8471541804946803,3.8471775469052107,3.847205976738084
289.1566265060241,-1.2059516397939591,-1.204326322643611,-1.1980198250624297,3.8445500705924935,3.8445132270563973,3.8444683011982286,3.8444099213001635,3.8444467648362597,3.844491690694428
578.3132530120482,-1.205951761410346,-1.2043187033278187,-1.1980273227618348,3.8427756619352236,3.8427297581891886,3.8426738089362775,3.842601081708557,3.8426469854545915,3.842702934707501
867.4698795180723,-1.2059522084358223,-1.2043016754445763,-1.1980439036196013,3.8410432048626806,3.8409883522911032,3.840921557968498,3.8408346748569953,3.8408895274285704,3.840956321751178
1156.6265060240964,-1.2059529014767338,-1.2042791529130457,-1.1980657331102202,3.839316159813333,3.8392523115878765,3.8391746521923404,3.839073552067125,3.839137400292581,3.8392150596881165
1445.7831325301206,-1.2059537847578632,-1.2042537722605824,-1.1980902304815544,3.837591817440424,3.837518937174866,3.8374304009026106,3.8373150375987715,3.83738791786433,3.8374764541365853
1734.9397590361446,-1.2059548193115996,-1.2042273135129868,-1.198115654675413,3.8358709892597465,3.8357890680264415,3.835689672257293,3.8355600416188707,3.835641962852176,3.835741358621325
2024.0963855421687,-1.2059559446430508,-1.2042020200702057,-1.1981398227867437,3.8341559174620916,3.834064979865161,3.83395478404521,3.8338109354856815,3.8339018730826133,3.8340120689025636
2313.253012048193,-1.2059569739386629,-1.2041824482234764,-1.1981583653378607,3.8324489985324717,3.8323491117126287,3.8322282249172948,3.8320702744824664,3.8321701613023103,3.8322910480976433
2602.409638554217,-1.2059580032342752,-1.2041628763767471,-1.198176907888978,3.8307420796028517,3.830633243560096,3.83050166578938,3.830329613479251,3.830438449522007,3.8305700272927226
2891.566265060241,-1.2059592308974745,-1.2041433515220425,-1.1981952050804827,3.829047390276567,3.8289297414449175,3.828787662669806,3.828601733083872,3.828719381915522,3.8288614606906335
3180.7228915662654,-1.2059605633570005,-1.204123851492924,-1.1982133726500752,3.827359161771455,3.8272327722281303,3.8270802928090792,3.8268806046018176,3.8270069941451426,3.8271594735641936
3469.879518072289,-1.205961930693288,-1.2041054328403535,-1.1982304239663581,3.825678946444386,3.825543919638101,3.8253811735851597,3.8251678935058666,3.8253029203121516,3.8254656663650928
3759.0361445783133,-1.205963356531743,-1.204088828085321,-1.1982456028829358,3.8240121723963516,3.823868681851648,3.823695893952841,3.8234693017062504,3.8236127922509535,3.8237855801497607
4048.1927710843374,-1.205964812309848,-1.2040722773447468,-1.198260697845405,3.8223479287383575,3.822196008761511,3.8220132221857925,3.821773372614589,3.8219252925914344,3.822108079167154
4337.349397590362,-1.2059665612274262,-1.2040562554603773,-1.1982749708121967,3.8207084601594348,3.8205484466436013,3.8203560840587207,3.8201035141282818,3.820263527644115,3.8204558902289953
4626.506024096386,-1.2059683106258305,-1.204040344050306,-1.1982891328238638,3.8190699533280017,3.818901859652199,3.8186999375347646,3.8184346685067725,3.818602762182574,3.818804684300009
4915.6626506024095,-1.2059700715866353,-1.2040270892084313,-1.1983006267049334,3.817454573575321,3.8172787214639192,3.8170676360258384,3.816790179178579,3.8169660312899807,3.8171771167280615
5204.819277108434,-1.205971805272656,-1.2040143779645607,-1.1983116042627833,3.8158435792213825,3.81566002966428,3.815439855370236,3.815150307397003,3.8153338569541058,3.8155540312481495
5493.975903614458,-1.205973424513025,-1.2040039476710038,-1.1983204153159708,3.8142509861061495,3.8140599950184293,3.8138310443240275,3.813529810952207,3.813720802039928,3.8139497527343296
5783.132530120482,-1.205975099654327,-1.203993846437966,-1.1983288414077067,3.8126687978815164,3.812470509308023,3.812232957011764,3.811920266215672,3.8121185547891656,3.8123561070854244
6072.289156626506,-1.2059768809335993,-1.2039843699854786,-1.1983365365809218,3.811106365212172,3.8109010526479383,3.8106552306361974,3.8103315152660544,3.810536827830288,3.8107826498420287
6361.445783132531,-1.205978872110584,-1.203974552686246,-1.1983443627031698,3.809555420283823,3.809343241135582,3.8090893391501273,3.80875484786597,3.8089670270142104,3.8092209289996655
6650.6024096385545,-1.205981344704546,-1.203963953628087,-1.1983524891673667,3.8080308233965763,3.807812138689101,3.8075505919176615,3.8072058950409207,3.807424579748396,3.807686126519836
6939.759036144578,-1.2059837369572473,-1.2039544964357656,-1.1983595541069867,3.8065209484126563,3.8062959565249455,3.8060270026758944,3.805672413095265,3.805897404982975,3.8061663588320265
7228.915662650603,-1.205985804703722,-1.2039471386364937,-1.1983648441597843,3.8050230376371643,3.804791897307642,3.8045157255166915,3.8041514932241065,3.8043826335536286,3.804658805344579
7518.0722891566265,-1.2059878608569277,-1.203940518245262,-1.1983694083978103,3.803542526061616,3.8033054677493157,3.803022353224789,3.802648841353447,3.802885899665746,3.803169014190273
7807.228915662651,-1.2059899213927243,-1.2039345599989713,-1.1983733061083044,3.8020797718903543,3.801837030604346,3.8015472539607056,3.801164832801875,3.8014075740878823,3.8016973507315233
8096.385542168675,-1.2059919498224554,-1.203929286379369,-1.1983765512981759,3.8006348005491275,3.800386606048065,3.80009044041,3.799699471540731,3.7999476660417932,3.8002438316798584
8385.5421686747,-1.2059939490807567,-1.2039246998837236,-1.1983791385355191,3.7992075224973627,3.798954103975187,3.7986518219586505,3.7982526661263885,3.798506084648565,3.798808366665101
8674.698795180724,-1.2059959274725123,-1.2039205532764012,-1.1983813067510858,3.797798505565076,3.7975400912116926,3.7972319628169635,3.7968249786719257,3.7970833930253103,3.797391521420038
8963.855421686747,-1.20599788241915,-1.20391692730201,-1.1983829777788397,3.796407560592361,3.7961443789001184,3.795830674958022,3.7954162217976686,3.7956794034899115,3.795993107432008
9253.012048192772,-1.20599981392067,-1.2039138219605494,-1.1983841516187803,3.7950346875792174,3.7947669670404647,3.7944479583818245,3.7940263955036158,3.7942941160423693,3.7946131247010095
9542.168674698796,-1.2060017238134575,-1.2039112171776583,-1.1983848465088844,3.793680170762204,3.793408136162458,3.7930840881783707,3.7926557686672995,3.792927803267045,3.7932518512511333
9831.325301204819,-1.2060036144048578,-1.2039090877307033,-1.1983850853644387,3.7923443672731953,3.7920682387404914,3.79173940998725,3.7913046791225895,3.7915808076552944,3.7919096364085356
10120.481927710844,-1.2060054837177208,-1.203907455232808,-1.198384848549471,3.7910269710880296,3.7907469727413705,3.7904136276319713,3.789972837381669,3.790252835728328,3.7905861808377272
10409.638554216868,-1.2060073317520466,-1.2039063196839719,-1.1983841360639815,3.789727982206706,3.789444338165097,3.789106741112534,3.7886602434445367,3.7889438874861456,3.7892814845387086
10698.795180722893,-1.2060091598746183,-1.2039055543670527,-1.1983830732583292,3.7884475617218367,3.788160475608978,3.787818864044074,3.787366977720783,3.787654063833642,3.7879956753985446
10987.951807228916,-1.2060109679974016,-1.2039051674438666,-1.1983816520587318,3.78718569925749,3.7868953760171795,3.7865499891086727,3.7860930350312483,3.786383358271559,3.786728745180065
11277.10843373494,-1.2060127557047275,-1.2039051974519186,-1.1983798343433538,3.785942345821817,3.7856489966309304,3.785300081753436,3.7848383909215855,3.7851317401124724,3.7854806549899647
11566.265060240965,-1.2060145229965964,-1.2039056443912082,-1.1983776201121956,3.7847175014148156,3.784421337450229,3.7840691419783647,3.7836030453917946,3.783899209356382,3.784251404828245
11855.421686746988,-1.2060162698730075,-1.2039065082617357,-1.198375009365257,3.783511166036488,3.783212398475077,3.7828571697834588,3.7823869984418765,3.782685766003288,3.783040994694905
12144.578313253012,-1.2060179963339612,-1.203907789063501,-1.1983720021025377,3.7823233396868328,3.7820221797054736,3.7816641651687184,3.78119025007183,3.78149141005319,3.7818494245899443
12433.734939759037,-1.2060197023794577,-1.2039094867965041,-1.1983685983240382,3.7811540223658513,3.7808506811414184,3.7804901281341428,3.780012800281656,3.7803161415060886,3.780676694513364
12722.891566265062,-1.2060213744095878,-1.2039117686153515,-1.1983646444750609,3.7800026754124874,3.779697336337584,3.779334456910254,3.7788540027348474,3.779159341809751,3.7795222212370803
13012.048192771084,-1.206022991008154,-1.2039148977435765,-1.1983598987482695,3.778868450580502,3.778561253294973,3.778196203872022,3.7777128396252944,3.7780200369108234,3.7783850863337745
13301.204819277109,-1.2060245764421953,-1.2039185759183453,-1.1983546351394594,3.7777523090313982,3.777443442752044,3.7770764427886605,3.7765904642455252,3.77689933052488,3.777266330488263
13590.361445783134,-1.206026130711712,-1.2039228031396578,-1.19834885364863,3.7766542507651764,3.7763439047087957,3.775975173660169,3.77548687659554,3.7757972226519203,3.7761659537005468
13879.518072289156,-1.2060276538167038,-1.2039275794075146,-1.1983425542757815,3.7755742757818362,3.7752626391652297,3.774892396486549,3.7744020766753383,3.7747137132919444,3.7750839559706253
14168.674698795181,-1.2060291457571708,-1.203932904721915,-1.1983357370209142,3.774512384081378,3.7741996461213456,3.7738281112677994,3.7733360644849196,3.773648802444952,3.774020337298498
14457.831325301206,-1.206030606533113,-1.2039387790828588,-1.1983284018840277,3.773468575663802,3.7731549255771424,3.772782318003921,3.772288840024285,3.772602490110944,3.7729750976841663
14746.98795180723,-1.2060320361445305,-1.2039452024903468,-1.1983205488651225,3.772442850529107,3.7721284775326214,3.7717550166949123,3.771260403293434,3.7715747762899188,3.7719482371276287
15036.144578313253,-1.2060333641726897,-1.2039531438294786,-1.1983112794978312,3.771431115796131,3.771116095474094,3.770741856855948,3.7702462216906296,3.7705612420126666,3.770935480630813
15325.301204819278,-1.2060346389105012,-1.2039619386423817,-1.1983012099471166,3.770436178347868,3.7701206642133256,3.7697458220336757,3.7692494036576334,3.7695649177921755,3.7699397599718263
15614.457831325302,-1.2060358644542173,-1.2039715305690974,-1.1982903924766848,3.769458276266842,3.769142428442835,3.7687671652954013,3.768270212855476,3.7685860606794828,3.7689613238269173
15903.614457831327,-1.2060370408038368,-1.2039819196096269,-1.1982788270865357,3.7684974095530532,3.7681813881626214,3.7678058866411255,3.767308649284158,3.7676246706745897,3.768000172196086
16192.77108433735,-1.2060381679593606,-1.2039931057639695,-1.1982665137766695,3.7675535782065017,3.7672375433726857,3.766861986070848,3.7663647129436786,3.7666807477774946,3.7670563050793326
16481.927710843374,-1.2060392459207883,-1.2040050890321252,-1.1982534525470863,3.766626782227188,3.766310894073028,3.765935463584569,3.7654384038340383,3.7657542919881983,3.7661297224766574
16771.0843373494,-1.2060402746881198,-1.2040178694140937,-1.1982396433977855,3.765717021615111,3.765401440263647,3.7650263191822884,3.7645297219552365,3.764845303306701,3.7652204243880596
17060.240963855424,-1.206041173648237,-1.204032676974854,-1.198223936876908,3.7648211559074016,3.7645059836811927,3.764131278127231,3.7636352986201844,3.7639504708463942,3.7643251764003556
17349.39759036145,-1.2060419282694816,-1.2040497334510734,-1.1982061257794443,3.763938618991062,3.763623947793309,3.763249750101622,3.7627545265752302,3.763069197772984,3.763443395464671
17638.55421686747,-1.2060425966407555,-1.2040681524718253,-1.1981870383874185,3.7630716738481573,3.762757637232436,3.7623840948437857,3.7618898332582327,3.762203869873955,3.7625774122626043
17927.710843373494,-1.206043178762059,-1.2040879340371098,-1.1981666747008308,3.762220320478687,3.7619070519985724,3.7615343123537226,3.7610412186691913,3.7613544871493065,3.7617272267941564
18216.86746987952,-1.2060436746333918,-1.2041090781469268,-1.1981450347196807,3.761384558882651,3.7610721920917194,3.7607004026314312,3.7602086828081065,3.760521049599039,3.760892839059327
18506.024096385543,-1.206044084254754,-1.2041315848012764,-1.198122118443969,3.7605643890600495,3.7602530575118758,3.7598823656769125,3.7593922256749788,3.7597035572231525,3.7600742490581154
18795.180722891568,-1.2060444076261458,-1.2041554540001584,-1.1980979258736952,3.7597598110108823,3.7594496482590425,3.7590802014901663,3.758591847269807,3.7589020100216466,3.759271456790523
19084.337349397592,-1.2060445785214227,-1.2041816765024094,-1.1980715324761677,3.7589701380573706,3.7586612710154568,3.7582932055957756,3.7578068313674398,3.7581156984093536,3.7584837638290347
19373.493975903617,-1.2060442098725144,-1.2042160429381947,-1.1980375346892904,3.7581913568140997,3.7578838735873825,3.7575172605875116,3.757032991888662,3.7573404751153796,3.757707088115251
19662.650602409638,-1.2060435645886398,-1.2042546201232265,-1.1979996027881334,3.7574261933029365,3.75712020835656,3.75675516314156,3.756273172154586,3.7565791571009624,3.756944202315962
19951.807228915663,-1.2060426203976253,-1.2042977412545008,-1.1979574258478733,3.7566744165908172,3.7563700421568678,3.756006676339426,3.7555271312952216,3.7558315057291716,3.756194871546614
20240.963855421687,-1.2060413550272977,-1.2043457395290156,-1.1979106929436865,3.7559357957446773,3.7556331418221816,3.7552715632626117,3.754794628440581,3.7550972823630766,3.755458860922647
20530.12048192771,-1.2060397462054842,-1.2043989481437671,-1.1978590931507485,3.7552100998314533,3.75490927418638,3.754549586992622,3.7540754227206747,3.7543762483657477,3.754735935559505
20819.277108433736,-1.2060377716600106,-1.2044577002957533,-1.197802315544236,3.7544970979180796,3.754198206083339,3.7538405106109605,3.7533692732655135,3.753668165100254,3.754025860572632
21108.43373493976,-1.206035409118704,-1.2045223291819704,-1.1977400491993255,3.7537965590714926,3.753499704346936,3.753144097199131,3.7526759392051092,3.7529727939296653,3.75332840107747
21397.590361445786,-1.2060324953345487,-1.2045941418816122,-1.197671150283839,3.753107631498868,3.7528129697009227,3.752459579222266,3.751994722801283,3.7522893845992287,3.7526427750778844
21686.746987951807,-1.2060290433119065,-1.2046732278943661,-1.197595516293727,3.752430239626642,3.7521379106385213,3.751786852539513,3.7513254975074726,3.7516178264955937,3.751968884594602
21975.90361445783,-1.2060250569942401,-1.2047597393144132,-1.1975129911913465,3.751764267976631,3.7514743992672637,3.751125778905622,3.7506681074127486,3.750957976122116,3.751306596483757
22265.060240963856,-1.2060205054305517,-1.2048540692937955,-1.197423212775653,3.751109447393822,3.7508221675696274,3.750476088735797,3.7500222835209756,3.75030956334517,3.750655642179
22554.21686746988,-1.2060153576698422,-1.2049566109845555,-1.197325818845602,3.750465508723202,3.7501809475280883,3.7498375124452408,3.749387756836018,3.749672318031131,3.750015753113979
22843.373493975905,-1.2060095827611144,-1.2050677575387356,-1.19722044720015,3.749832182809758,3.7495504711251244,3.7492097804491564,3.7487642583617413,3.749045970046375,3.749386660722342
23132.53012048193,-1.2060029685944949,-1.2051902141086,-1.1971046047969052,3.7492090809090737,3.748930363686109,3.7485925242130462,3.7481514372995646,3.748430154522529,3.748767993995592
23421.686746987954,-1.2059939098211923,-1.2053444667511741,-1.1969594109276336,3.7485948945502616,3.7483194302684235,3.747984614209739,3.7475483137326684,3.747823778014506,3.7481585940731907
23710.843373493975,-1.205983357066597,-1.2055183814660873,-1.1967960489673157,3.7479900025517283,3.7477179807566428,3.747386316995389,3.746955061896585,3.7472270836916706,3.747558747452924
24000.0,-1.2059711828093598,-1.2057135838632087,-1.1966130208274313,3.747394072008946,3.747125690277549,3.7467973102380863,3.746371369188753,3.74663975092015,3.746968130959612
24289.156626506025,-1.205957221591438,-1.2059320880782414,-1.1964084778303203,3.7468067273361876,3.7465421959087486,3.746217236212198,3.74579689371933,3.7460614251467685,3.7463863848433183
24578.31325301205,-1.2059403446856536,-1.206185773496048,-1.196171669318298,3.74622650920864,3.7459661686027044,3.7456448384927166,3.7452305499507674,3.7454908905567033,3.7458122206666906
24867.469879518074,-1.205920830316287,-1.206472110312825,-1.1959048468708873,3.745653541211434,3.7453976904348285,3.7450801732954613,3.7446723385177876,3.7449281892943933,3.7452457064337596
25156.6265060241,-1.205898445008862,-1.2067938092495107,-1.195605533241627,3.7450873712360258,3.7448363302646324,3.744522819437636,3.744121865021584,3.7443729059929773,3.744686416819974
25445.783132530123,-1.2058729552889023,-1.2071535810270433,-1.1952712511840542,3.744527547173875,3.7442816569516295,3.7439723557364446,3.7435787350633483,3.7438246252855953,3.7441339265007794
25734.939759036144,-1.2058420208417526,-1.207574919047915,-1.1948808476103323,3.743972221523063,3.743731992265536,3.7434271986811045,3.7430415882451067,3.7432818175026346,3.7435866110870664
26024.09638554217,-1.205806067916208,-1.2080540262690667,-1.1944376933147256,3.743421379120143,3.743187295572067,3.7428872910532185,3.742510332655226,3.742744416203302,3.743044420722151
26313.253012048193,-1.2057646142045313,-1.2085960679983931,-1.193937105297076,3.7428744030503927,3.7426469884402946,3.7423520743905403,3.741984459803319,3.742211874413418,3.7425067884631713
26602.409638554218,-1.2057163326774591,-1.2092124517518112,-1.1933690030707298,3.742329373533491,3.742109324284409,3.741819899572074,3.741462549931626,3.7416825991807072,3.741972023893042
26891.566265060243,-1.2056607893033642,-1.20990807186547,-1.192728926331166,3.7417857786158013,3.7415738188482717,3.7412902960961283,3.740944168127287,3.7411561278948158,3.7414396506469596
27180.722891566267,-1.2055973417855739,-1.2106893416803046,-1.1920111040341212,3.7412427780101303,3.7410396934750225,3.7407625185832343,3.7404286497917654,3.7406317343268727,3.7409089092186614
27469.879518072292,-1.205523856288916,-1.2115727336967352,-1.191201197514349,3.7406980116017254,3.7405047981012074,3.7402345394054293,3.7399142502399556,3.7401074637404728,3.740377722436251
27759.036144578313,-1.2054396253604207,-1.2125651186680124,-1.1902930434715666,3.740150554458063,3.739968277984588,3.739705542104597,3.739400245292562,3.7395825217660357,3.739845257646027
28048.192771084337,-1.2053437215759752,-1.2136748480916841,-1.1892792178323406,3.739599260318368,3.7394290786234996,3.7391745234406932,3.7388857533918336,3.7390559350867014,3.739310490269508
28337.349397590362,-1.205234695602021,-1.2149092129647945,-1.1881538789331847,3.739041179920503,3.7388845029860653,3.7386389395193733,3.738368577162453,3.738525254096891,3.738770817563583
28626.506024096387,-1.2051114767511164,-1.2162770678313761,-1.1869092429175079,3.738474893962703,3.7383332486013092,3.73809755475337,3.7378476374910243,3.7379892828524186,3.7382249767003577
28915.66265060241,-1.204973099001553,-1.2177853932314437,-1.1855392952670039,3.737898667917738,3.737773722483193,3.7375488599330895,3.7373216176046276,3.737446563039174,3.7376714255892773
29204.819277108436,-1.204819805786137,-1.2194236014602389,-1.1840543802536247,3.737308432694441,3.7372021725114704,3.7369893097338274,3.7367874233649157,3.736893683547888,3.7371065463255304
29493.97590361446,-1.2046503463581912,-1.2212018685509627,-1.1824455725908467,3.7367027023834614,3.7366172383556298,3.7364176152505766,3.736243933473667,3.7363293975014997,3.736529020606552
29783.132530120485,-1.2044656734454482,-1.2231090243215712,-1.1807230897329808,3.7360784735200423,3.7360161327924613,3.7358311328043214,3.735688814968189,3.7357511556957697,3.735936155683909
30072.289156626506,-1.2042692747164627,-1.2251122017944356,-1.1789163109891019,3.7354317037014626,3.735395074869955,3.735226268625061,3.735118864584963,3.7351554934164715,3.735324299661364
30361.44578313253,-1.2040631522692682,-1.2271974348102845,-1.1770372004204472,3.7347597665711048,3.7347516061510913,3.734600678747735,3.734531982941343,3.7345401433613574,3.734691070764712
30650.602409638555,-1.2038528272949631,-1.2293250066664931,-1.1751199535385433,3.734059163699145,3.7340824115302573,3.7339511898198374,3.7339252819830233,3.7339020341519116,3.7340332558623306
30939.75903614458,-1.2036453267157243,-1.231449416036537,-1.173203044747738,3.7333260791514236,3.7333838421718855,3.7332742908223975,3.73329552004392,3.733237757023458,3.7333473083729465
31228.915662650605,-1.2034489367908168,-1.2335172844651818,-1.1713315662440011,3.732556531707941,3.7326520764698023,3.7325662986087753,3.7326392786914213,3.73254373392956,3.732629511790588
31518.07228915663,-1.2032755443100436,-1.235464246244064,-1.1695579969458922,3.7317469407397112,3.73188354255819,3.7318236916409373,3.731953098022222,3.7318164962037432,3.731876347120997
31807.228915662654,-1.203136391021915,-1.2372263746741914,-1.1679350218038933,3.7308936529322465,3.7310746295920167,3.731042929348039,3.731233544692729,3.7310525680329594,3.731084268276937
32096.385542168675,-1.2030503327464759,-1.2387036883971982,-1.1665437663563254,3.7299934377669444,3.730221923834362,3.7302205440693093,3.7304769623714065,3.7302484763039896,3.730249856069042
32385.5421686747,-1.2030286121215998,-1.23984549706029,-1.1654236783181102,3.7290433748050322,3.7293223048631376,3.7293533250567177,3.7296799015139124,3.729400971455808,3.7293699512622274
32674.698795180724,-1.2030825134078118,-1.2406115467985508,-1.1646037272936367,3.7280412583799176,3.7283731489221963,3.728438413540511,3.7288389529892814,3.728507062447004,3.728441797828688
32963.85542168675,-1.2032295077994921,-1.2409117130033522,-1.1641565666971554,3.726986005095214,3.72737280198433,3.7274738348544387,3.727951389046326,3.72756459215721,3.727463559287101
33253.01204819277,-1.2034766781299886,-1.2407195123159167,-1.1641015970540949,3.7258770112198465,3.72632000660909,3.726457930879136,3.7270146542777325,3.726571658888489,3.726433734618442
33542.1686746988,-1.2038243183091513,-1.2400445257031871,-1.1644289434876613,3.7247152400940067,3.725214809319229,3.725390156804042,3.726026913613657,3.7255273443884334,3.7253519969036204
33831.32530120482,-1.2042671638436018,-1.2389091881935195,-1.165121435462878,3.723503471205742,3.724058881028112,3.7242714561439785,3.7249875358970805,3.72443212607471,3.7242195509588436
34120.48192771085,-1.2047950135159873,-1.2373532697851475,-1.1661495041988645,3.7222452979988625,3.7228546539305554,3.723103495061397,3.723896532741511,3.7232871768098175,3.7230383356789756
34409.63855421687,-1.205390872206595,-1.2354383224526109,-1.167468592840794,3.720946392381103,3.7216064630951027,3.721889717560195,3.722755431838684,3.7220953611246848,3.7218121066595926
34698.7951807229,-1.206031115288556,-1.2332453577883264,-1.1690213144231176,3.7196147051568156,3.720320798430148,3.720635635051229,3.7215676428710314,3.720861549597701,3.7205467129766183
34987.951807228914,-1.2066906802688941,-1.2308596175527249,-1.170747489678381,3.718258891913819,3.7190049766842046,3.7193476718009824,3.7203376659558334,3.719591581185447,3.7192488860686694
35277.10843373494,-1.2073447993536104,-1.2283569058459318,-1.1725960823004578,3.7168879028862425,3.717666827390717,3.718032916636958,3.7190709834352353,3.7182920589307598,3.717925969684519
35566.26506024096,-1.207968013016672,-1.2258146624754005,-1.1745151120079274,3.715511906182075,3.716315514871552,3.7166998685999646,3.717774651422892,3.7169710427334155,3.716586689005003
35855.42168674699,-1.2085370568383613,-1.2233003259363,-1.1764604047253384,3.7141419607434916,3.7149612936061462,3.7153582452743965,3.716457224494033,3.7156378916313786,3.7152409399631283
36144.57831325301,-1.2090331342757938,-1.2208634996563377,-1.1784011535678685,3.7127901604195084,3.7136158436906244,3.7140194408605733,3.7151294829498007,3.7143037996786843,3.7139002025087353
36433.73493975904,-1.209435430743952,-1.2185654580439256,-1.180296898712122,3.7114658335213173,3.7122883081034916,3.7126924711955454,3.7138001656835686,3.7129776911013916,3.7125735280093375
36722.89156626506,-1.209742985908491,-1.2164140263990257,-1.1821407751924828,3.710176164155175,3.710986246605499,3.7113851235886584,3.7124775713052562,3.7116674888549293,3.7112686118717706
37012.048192771086,-1.2099548105795546,-1.2144133574221279,-1.183929619498318,3.7089290434302207,3.7097183383102896,3.710106571798063,3.7111719670411816,3.7103826721611166,3.7099944386733448
37301.20481927711,-1.2100750323795433,-1.2125548539446176,-1.18566790117584,3.707733181642341,3.708494347596317,3.7088672253595605,3.7098952106357896,3.7091340446818206,3.708761166918576
37590.361445783135,-1.210108191673853,-1.210839913470678,-1.18734968235547,3.7065963224520133,3.707322966468082,3.7076763274732536,3.7086578207877023,3.7079311767716345,3.7075778157664625
37879.51807228916,-1.2100439796705835,-1.2093220939501756,-1.1889317138792403,3.705517571590516,3.706204165065825,3.7065344159970675,3.7074615679477647,3.706774974472454,3.706444723541212
38168.674698795185,-1.2099197152308523,-1.2079145770750466,-1.1904634951941004,3.7044980372255023,3.7051411049390817,3.7054459292676976,3.7063137461634943,3.7056706784499154,3.7053658541213
38457.83132530121,-1.2097414430596662,-1.206622889655857,-1.191933454784476,3.7035396650706986,3.7041369522227603,3.7044147832297356,3.7052199571031266,3.7046226699510654,3.7043448389440914
38746.987951807234,-1.2095134379976835,-1.2054585072286994,-1.193325842273617,3.7026415725792527,3.703191828941397,3.7034417309868144,3.7041823565442917,3.7036321001821473,3.703382198136729
39036.14457831326,-1.2092497536309985,-1.2044069513558353,-1.1946410825131661,3.701801787203737,3.7023049313032463,3.7025267033130516,3.7032025082405653,3.702699364141057,3.7024775921312507
39325.301204819276,-1.2089613168099744,-1.2034608384525718,-1.195875632237453,3.7010177419516346,3.7014746203013416,3.701668648425423,3.702280660881299,3.7018237825315925,3.7016297544075116
39614.4578313253,-1.2086580964088849,-1.2026136530808291,-1.197026038010286,3.7002863299206123,3.7006985369889205,3.7008656847748056,3.7014159852625244,3.701003778194216,3.700836630408331
39903.614457831325,-1.2083480709670817,-1.20186068768405,-1.198089028848869,3.6996040403893242,3.6999737082596016,3.7001151878652245,3.7006066189027975,3.70023695103252,3.700095471426898
40192.77108433735,-1.2080390009344886,-1.2011974854765455,-1.199061301088966,3.698967338595485,3.699297119425341,3.6994144808566016,3.699850622741542,3.699520841911686,3.6994034804804254
40481.927710843374,-1.2077357845987242,-1.2006210306877354,-1.19994097221354,3.698372403911717,3.6986650638283263,3.6987599431625773,3.6991445506832563,3.698851890766646,3.698757011432396
40771.0843373494,-1.2074448639683033,-1.2001275122752906,-1.2007254112564059,3.6978155708160685,3.698074207046248,3.6981484610285995,3.698485764618041,3.6982271283878614,3.6981528744055097
41060.24096385542,-1.2071679165702422,-1.1997144970167044,-1.201415373913053,3.697293391879103,3.697520956754571,3.697576365153579,3.6978704081862688,3.697642843310801,3.6975874349117923
41349.39759036145,-1.2069093518506173,-1.1993788038959863,-1.2020096317533964,3.6968022680138954,3.6970018347061884,3.697040266619596,3.6972952755156334,3.6970957088233414,3.6970572769099324
41638.55421686747,-1.2066698282909651,-1.1991167170924144,-1.2025112421166206,3.696339348515693,3.6965137652720794,3.6965369589551558,3.6967568581178836,3.696582441361497,3.6965592476784193
41927.7108433735,-1.2064517836422823,-1.1989248948506994,-1.2029211090070184,3.695901385281466,3.6960534375416465,3.6960631039527785,3.6962517434891478,3.696099691228967,3.696090024817835
42216.86746987952,-1.2062541512347036,-1.1987991566046194,-1.2032444796606767,3.6954860554560254,3.69561830219602,3.6956160179198916,3.69577694102143,3.6956446942814347,3.695646978557564
42506.02409638555,-1.2060773857016438,-1.1987357019362554,-1.2034846998621007,3.6950906234842362,3.6952054602041016,3.695192708946483,3.695329241719273,3.6952144049994087,3.695227156257026
42795.18072289157,-1.205920863906693,-1.1987287104669013,-1.2036482131264055,3.6947130687288525,3.694812686528745,3.694790829531154,3.6949060199042942,3.694806402104403,3.694828259101994
43084.337349397596,-1.2057834909190654,-1.1987720690738797,-1.2037422275070546,3.6943515383696695,3.6944379021311438,3.6944081636326964,3.694504750072748,3.6944183863112743,3.6944481248097216
43373.49397590361,-1.2056645804590629,-1.1988623370421725,-1.2037708699987641,3.6940042265272792,3.6940791171612193,3.6940426113402713,3.6941230821887463,3.6940481915548053,3.6940846973757533
43662.65060240964,-1.2055629826862406,-1.1989958005617283,-1.2037390042520313,3.6936696366623494,3.693734636980565,3.6936923575566674,3.693758929750581,3.6936939294323636,3.6937362088562615
43951.80722891566,-1.2054777465344972,-1.1991653110602782,-1.2036547299052243,3.6933464162359995,3.6934029339625725,3.693355767420573,3.6934104171164397,3.6933538993898662,3.6934010659318655
44240.96385542169,-1.205407891144103,-1.1993634729771976,-1.2035264233786995,3.693033410001761,3.6930826909354195,3.693031423875273,3.693075903801443,3.6930266228677855,3.693077889927932
44530.12048192771,-1.2053524337681583,-1.199584899888947,-1.2033604538428946,3.6927296039631603,3.6927727261427967,3.692718041330287,3.6927538724071556,3.692710750227521,3.6927654350400307
44819.27710843374,-1.2053104946122157,-1.1998238025229653,-1.2031634903648185,3.692434137349317,3.692472023886965,3.6924145075764074,3.692442995982534,3.6924051094448873,3.6924626257554456
45108.43373493976,-1.2052809860271623,-1.2000755407901271,-1.2029412606827101,3.6921462745869595,3.6921797087183577,3.6921198602518768,3.692142118513171,3.6921086843817723,3.6921685328482545
45397.590361445786,-1.205262809005712,-1.2003365541581856,-1.2026984243361019,3.691865400134807,3.6918950354104125,3.6918332735256754,3.691850234601136,3.691820599325531,3.6918823612102676
45686.74698795181,-1.2052550402840039,-1.2006010623450767,-1.2024416848709196,3.6915909938722336,3.691617372596936,3.691554046108265,3.691566488045206,3.691540109320503,3.6916034358091743
45975.903614457835,-1.2052567888136652,-1.2008630227326045,-1.2021779759537299,3.691322618594357,3.6913461890170596,3.691281587438048,3.6912901570783645,3.6912665866556615,3.691331188234673
46265.06024096386,-1.205267355962989,-1.2011185311072405,-1.2019119004297703,3.6910599698039244,3.6910810860634866,3.6910154392185426,3.6910206518411166,3.6909995355815544,3.691065182426497
46554.216867469884,-1.2052860799884837,-1.2013635318791887,-1.2016481756323278,3.6908026737619712,3.6908215899199712,3.6907550643527527,3.690757295544919,3.6907383793869184,3.690804904954137
46843.37349397591,-1.2053121889804332,-1.201594729378419,-1.2013908691411477,3.690550570671098,3.69056746480153,3.690500178943183,3.6904996981401754,3.6904828040097426,3.69055008986809
47132.53012048193,-1.2053449793196576,-1.2018094388676366,-1.2011433693127054,3.6903035513805453,3.690318528898435,3.6902505551147016,3.690247530210786,3.6902325526928967,3.69030052647663
47421.68674698795,-1.2053837329211077,-1.202002967861724,-1.2009110867171675,3.6900614769822564,3.690074576672152,3.690005944496666,3.690000449624691,3.6899873499347957,3.6900559821102816
47710.843373493975,-1.205427750942767,-1.2021707529856656,-1.200699283571567,3.689824307937143,3.689835514057076,3.689766217598617,3.6897582497746644,3.689747043654731,3.6898163401131905
48000.0,-1.2054765483936412,-1.2023111855220718,-1.2005100535842868,3.6895920078546087,3.689601246137818,3.6895312419258515,3.689520716001476,3.689511477718265,3.6895814819302326
48289.156626506025,-1.205529751353107,-1.2024234249822194,-1.2003446111646736,3.6893646301461076,3.689371780118654,3.689300994614924,3.6892877602418808,3.689280610269333,3.6893513957730635
48578.31325301205,-1.2055868012338449,-1.2025044934080447,-1.2002064928581109,3.6891421970641654,3.68914709061805,3.6890754191892947,3.6890592586496394,3.689054365095755,3.689126036524509
48867.469879518074,-1.2056472356991685,-1.2025521314560939,-1.200098420344738,3.688924813940214,3.6889272467263194,3.6888545606070653,3.6888352045579857,3.6888327717718803,3.6889054578911336
49156.6265060241,-1.205710592614941,-1.2025652266226963,-1.2000219682623625,3.6887125547274344,3.6887122834188397,3.6886384278117705,3.688615551342163,3.6886158226507586,3.6886896782578273
49445.78313253012,-1.2057764536526034,-1.2025435275660736,-1.1999778062813227,3.6885055610309454,3.688502314942911,3.6884271158876136,3.6884003543748665,3.6884036004629017,3.688478799518199
49734.93975903615,-1.2058442333238275,-1.2024851569700297,-1.199968397206142,3.688303935824648,3.688297412011876,3.6882206734362906,3.6881896157857694,3.688196139598541,3.6882728781741276
50024.09638554217,-1.2059131689335867,-1.2023883219213054,-1.1999962966451074,3.6881078471867963,3.6880977264121135,3.6880192392835136,3.6879834494519503,3.6879935702266327,3.6880720573552335
50313.2530120482,-1.205982819701601,-1.2022527472407796,-1.200062220557619,3.6879174338164686,3.6879033761182236,3.6878229158105746,3.687781926850164,3.6877959845484103,3.6878764448560593
50602.40963855422,-1.2060530979305666,-1.2020805179110066,-1.200164171658427,3.687732836026632,3.6877144878195596,3.6876318179636725,3.6875851415758913,3.6876034897829646,3.6876861596388517
50891.566265060246,-1.2061232703261449,-1.2018713266207415,-1.2003031905531136,3.687554203794017,3.6875312025015026,3.6874460774527464,3.687393209921123,3.687416211213637,3.687501336262393
51180.72289156627,-1.2061919547084394,-1.2016234687772516,-1.200482364014309,3.6873816578777365,3.6873536371151077,3.6872658042808437,3.6872062328315676,3.6872342535941947,3.687322086428459
51469.87951807229,-1.2062584142995145,-1.2013377448126739,-1.2007016283878114,3.6872153292331937,3.687181923472602,3.68709112596245,3.6870243352186223,3.6870577409792116,3.687148538489365
51759.03614457831,-1.206322106005941,-1.201015976017198,-1.2009597054768604,3.6870553165108677,3.687016167291392,3.6869221467809616,3.686847626656498,3.686886775875973,3.686980796386404
52048.19277108434,-1.2063820079150764,-1.2006593365952751,-1.2012564429896477,3.6869017119082272,3.6868564725739184,3.6867589717570897,3.686676223607787,3.686721462942097,3.686818963758926
52337.34939759036,-1.2064369807199455,-1.2002701336141965,-1.2015906731658572,3.686754559155699,3.6867029019977267,3.686601667870567,3.686510213633476,3.6865618707914507,3.686663104918609
52626.50602409639,-1.2064858619513676,-1.1998506940504245,-1.2019612314982078,3.686613887896551,3.6865555092444104,3.686450295440117,3.6863496840166823,3.686408062668823,3.6865132764731157
52915.66265060241,-1.2065270832808026,-1.1994032608869856,-1.2023674433322127,3.686479648550877,3.686414276907215,3.6863048466822272,3.6861946636404874,3.6862600352841493,3.686369465509137
53204.819277108436,-1.206559113643036,-1.1989308622980104,-1.2028078115589549,3.6863517924981593,3.6862791932667167,3.6861653221895674,3.686045196181266,3.686117795412707,3.686231666489857
53493.97590361446,-1.2065802075057481,-1.198436716876307,-1.203280863117946,3.6862302258846573,3.6861502080177857,3.686031686765224,3.685901297733859,3.68598131560073,3.6860998368532925
53783.132530120485,-1.2065886320068542,-1.1979257683204583,-1.2037833871726877,3.686114767668512,3.686027191625804,3.6859038285470533,3.685762917244854,3.685850493287563,3.6859738563663123
54072.28915662651,-1.206582855192267,-1.1974062247571449,-1.2043087075505878,3.6860050924362726,3.6859098800453203,3.685781503497994,3.685629882871512,3.6857250952624643,3.685853471809791
54361.445783132534,-1.2065607374664071,-1.1968829467931184,-1.2048541032404743,3.685900976026658,3.6857981121734853,3.6856645738403375,3.6855021323896477,3.68560499624282,3.685738534575968
54650.60240963856,-1.2065202114090008,-1.1963630067461584,-1.2054145693448404,3.6858020890136265,3.6856916302026113,3.6855528075836177,3.6853795194699894,3.6854899782810047,3.6856288008999987
54939.759036144584,-1.2064585956553557,-1.1958556141957704,-1.2059835776488739,3.6857078250813426,3.685589904491,3.685445696106866,3.685261623748558,3.6853795443389004,3.685523752723036
55228.91566265061,-1.2063732783274466,-1.195370197047959,-1.2065543121245939,3.6856176087981902,3.6854924435929015,3.6853427743721223,3.6851480787749265,3.6852732439802156,3.685422913200995
55518.072289156626,-1.2062616999832239,-1.1949164494101017,-1.2071196381066744,3.6855308879382207,3.685398786523678,3.685243612935535,3.6850385638303456,3.685170665244888,3.6853258388330326
55807.22891566265,-1.2061213073234274,-1.1945058806497733,-1.2076705995267996,3.6854468751380085,3.685308234853532,3.6851475356634187,3.684932504581906,3.6850711448663813,3.6852318440564957
56096.385542168675,-1.2059497568172455,-1.1941516108698687,-1.2081964198128863,3.6853645781399975,3.685219881187897,3.685053647704795,3.68482909908008,3.684973796032179,3.6851400295152814
56385.5421686747,-1.205743997743399,-1.1938664539064385,-1.2086873358501622,3.685283138569098,3.6851329747025945,3.6849612306878616,3.6847277549231814,3.684877918789684,3.6850496628044174
56674.698795180724,-1.2055012614086247,-1.1936647530414088,-1.2091317730499662,3.685201484384499,3.685046542429403,3.6848693306666407,3.6846276289904942,3.68478257094559,3.684959782708352
56963.85542168675,-1.205220092296356,-1.1935627000508793,-1.2095149951527642,3.685118090606268,3.6849591017190515,3.684776426635253,3.6845272255361077,3.6846862144233232,3.684868889507121
57253.01204819277,-1.2048974741304,-1.1935765279185582,-1.2098237854510416,3.6850317170234117,3.6848695233821815,3.6846814108640746,3.684425561185835,3.6845877548270654,3.6847758673451714
57542.1686746988,-1.2045309122332526,-1.1937238203352718,-1.210043054931475,3.684940873675242,3.6847764062862187,3.684582878580887,3.6843213208193446,3.684485788208368,3.6846793159136997
57831.32530120482,-1.2041209813683056,-1.1940106839891786,-1.2101661221425148,3.6848438082561117,3.684677982084908,3.684478963223668,3.6842125755968023,3.6843784017680066,3.6845774206292465
58120.48192771085,-1.20366619469804,-1.1944527135734848,-1.2101788792284742,3.684738747881496,3.6845725331061017,3.684367905859036,3.6840976041386417,3.684263818914037,3.6844684461611035
58409.63855421687,-1.2031654188690202,-1.1950651239511292,-1.2100672446798502,3.68462378529324,3.6844581956598277,3.684247787167684,3.6839745060116744,3.684140095645088,3.684350504137232
58698.7951807229,-1.2026200207119557,-1.195851382787973,-1.2098263840000711,3.684496828230691,3.6843328451054838,3.684116348599336,3.6838409253812436,3.6840049085064503,3.6842214050125976
58987.95180722892,-1.2020321633634632,-1.1968120622116314,-1.2094535619249058,3.6843556429404236,3.684194191018208,3.6839711382335985,3.6836942747771007,3.6838557266993153,3.6840787794839254
59277.108433734946,-1.2014026713959214,-1.197956411090449,-1.2089387050136298,3.6841978993195594,3.6840398853149767,3.6838096825192186,3.6835320029914307,3.683690016996011,3.68392021979177
59566.26506024097,-1.2007368138712828,-1.1992699869980272,-1.20829098663069,3.6840208513086687,3.683866991570192,3.6836287351299277,3.6833505162474016,3.683504375985877,3.6837426324261426
59855.42168674699,-1.2000409199843673,-1.200733852250999,-1.2075230152646332,3.6838215729770534,3.683672354685594,3.6834247876173762,3.6831458973258013,3.6832951156172595,3.6835426826854785
60144.57831325301,-1.1993199892847923,-1.2023383156152716,-1.2066394825999356,3.683597161371641,3.683452905478767,3.683194482369233,3.6829144780419267,3.6830587339348004,3.6833171570443346
60433.73493975904,-1.1985848509509653,-1.2040310368776568,-1.2056818996713774,3.6833442532220984,3.6832048433674367,3.6829333920920497,3.6826510619047865,3.6827904717594473,3.6830619230348347
60722.89156626506,-1.1978446256907371,-1.205778797347356,-1.2046743644619067,3.6830594511438006,3.682924433691738,3.6826372938672707,3.682350836916965,3.6824858543690295,3.6827729941934955
61012.048192771086,-1.197110987469492,-1.207528714577394,-1.2036580854531134,3.682739036886888,3.6826074813458196,3.6823013054785827,3.682008079574528,3.6821396351155977,3.682445810982833
61301.20481927711,-1.196397380459526,-1.209215441142392,-1.202684965898082,3.6823790260971307,3.6822494303830013,3.6819200487930575,3.6816163995920905,3.681745995306221,3.6820753768961643
61590.361445783135,-1.1957186317290334,-1.2107672728006942,-1.2018118829702729,3.681975126292629,3.681845318946979,3.6814876287050904,3.6811687335530516,3.6812985408987013,3.6816562311405905
61879.51807228916,-1.195091755463907,-1.21209548196539,-1.201110550070703,3.6815224035723846,3.6813892933408474,3.6809969088736327,3.6806563312379215,3.6807894414694577,3.6811818259366733
62168.674698795185,-1.1945336843741396,-1.2131124270727829,-1.200651676053077,3.681015835077744,3.6808753998027424,3.680440644101023,3.6800703210534893,3.68021075632849,3.6806455120302095
62457.83132530121,-1.1940565215193062,-1.2137535366407122,-1.200487729339981,3.6804494926951916,3.680296434324102,3.6798098672395008,3.679399516721514,3.679552575092603,3.6800391421772036
62746.987951807234,-1.1936772454620872,-1.2139262780415907,-1.2006942639963214,3.67981733423841,3.679645050973239,3.6790954354116003,3.6786325043462793,3.6788047876114502,3.6793544031730887
63036.14457831326,-1.193409921538538,-1.2135500365261176,-1.2013378294353443,3.679112181977819,3.678912370792498,3.6782861302555143,3.677755123666663,3.677954934851984,3.6785811753889677
63325.30120481928,-1.1932683161877402,-1.2125447059857932,-1.2024847653264665,3.678326638419131,3.678089202453098,3.677370311557486,3.6767526383728533,3.676990074338887,3.6777089652344985
63614.45783132531,-1.1932531693328647,-1.2108970162230002,-1.2041476019441344,3.6774518950750403,3.677164378616984,3.6763337221788706,3.675606842070586,3.6758943585286428,3.6767250149667565
63903.614457831325,-1.1933656503727772,-1.208595475258048,-1.2063366618691738,3.6764783711785745,3.676125678306497,3.6751606949779125,3.674297665683627,3.6746503585557035,3.675615341884288
64192.77108433735,-1.1935967371945648,-1.2056886057614145,-1.2090124445440198,3.6753949869492932,3.674958782172152,3.6738327969178446,3.6728013866024596,3.673237591379601,3.6743635766339082
64481.927710843374,-1.1939331554307244,-1.2022517227691771,-1.212112909300098,3.6741893142224376,3.6736474995316675,3.672329159406076,3.6710910925317015,3.671632907222473,3.6729512473480637
64771.0843373494,-1.1943577797740603,-1.1983920953120253,-1.2155479124139144,3.6728474162891938,3.672173552507396,3.670626162953471,3.6691362473739604,3.6698101111557584,3.671357500709682
65060.24096385542,-1.1948509587335625,-1.1942490041517906,-1.219197824614647,3.671353369044359,3.6705159168900137,3.66869660052442,3.6669016138134745,3.667739065967819,3.6695583823334155
65349.39759036145,-1.195383478141352,-1.1900310514931962,-1.222883257865452,3.6696884716486613,3.6686497217809197,3.666508268803657,3.664345428441725,3.665384178309466,3.667525631286731
65638.55421686747,-1.1959293819716648,-1.185949042454907,-1.2264193630734277,3.6678317312030715,3.666546986348142,3.6640248878260557,3.6614206024273437,3.662705347282274,3.6652274458043586
65927.7108433735,-1.196468591026198,-1.182207874625594,-1.2296213218482084,3.6657588946998407,3.664175330213127,3.6612044253999247,3.6580725561449907,3.6596561206317055,3.6626270254449067
66216.86746987952,-1.1969855127036426,-1.1789852410478643,-1.232327033748493,3.663441647023733,3.6614969659469305,3.657997744295528,3.6542374562786715,3.6561821373554744,3.6596813590068766
66506.02409638555,-1.197472888298615,-1.1764424151628226,-1.2343824840385618,3.660847712062572,3.6584688237126852,3.6543487946653297,3.649842486097087,3.652221374446974,3.65634140349433
66795.18072289157,-1.1979309200783743,-1.174684989686,-1.235681877735625,3.657939633428276,3.655041002083719,3.6501925610267922,3.644803176300822,3.6477018076453787,3.652550248702305
67084.3373493976,-1.1983535262285543,-1.173731524460123,-1.2362127368113225,3.654673741989837,3.6511554581856234,3.645453328170565,3.639021124049955,3.6425394078541684,3.6482415378692266
67373.49397590362,-1.1987668167755352,-1.1736125108328814,-1.2359184598915833,3.6509996166998997,3.6467453342283864,3.640043917995198,3.632383166265164,3.636637448736677,3.6433388649698664
67662.65060240965,-1.1991789397084414,-1.1741276406869354,-1.2349912071046234,3.6468596396913475,3.641734522882721,3.63386491340554,3.624760160439449,3.6298852772480767,3.6377548867252574
67951.80722891567,-1.1995972265894073,-1.175179491732427,-1.2335210691781657,3.6421865552838963,3.636034265758349,3.6268006320696844,3.616002027850427,3.6221543173759736,3.631387951064639
68240.9638554217,-1.2000284278239601,-1.1766747695913908,-1.2315945900846488,3.6369031656293664,3.62954289757939,3.6187187795377644,3.605937320239715,3.613297588289692,3.6241217063313167
68530.12048192772,-1.2004774907794336,-1.1784278716481373,-1.2293924250724284,3.6309184216002106,3.6221409842745147,3.609464215133329,3.5943652561950254,3.603142693520721,3.6158194626619067
68819.27710843374,-1.2009504618688398,-1.1803256058639673,-1.2270217197671927,3.624129933710544,3.613694575481962,3.5988634905473473,3.581061798769365,3.591497156997947,3.6063282419325624
69108.43373493977,-1.2014496225682445,-1.1822644880317676,-1.2245836768999872,3.61641741134217,3.604046975016977,3.586714517327961,3.5657665829370844,3.578137019262279,3.5954694769512923
69397.5903614458,-1.2019777430313638,-1.1841247498659078,-1.222195294602727,3.6076446350267966,3.5930215394262954,3.5727903091379405,3.5481878799901434,3.5628109755906454,3.583042205879001
69686.74698795182,-1.2025384581010785,-1.185953195526919,-1.219806133872004,3.597656439690678,3.580418138289267,3.556835413592598,3.5279987499132566,3.5452370513146674,3.5688197760113347
69975.90361445783,-1.2031354534093657,-1.1876020169953743,-1.2175603170952598,3.5862666223735395,3.565998432759507,3.5385472262647446,3.504813366814473,3.525081556428505,3.552532762923268
70265.06024096385,-1.2037769583299436,-1.189137402137336,-1.2153834270327204,3.573272379281951,3.5495048520303802,3.517601606756577,3.4782208472381324,3.501988374489703,3.5338916197635064
70554.21686746988,-1.2044691722244298,-1.1905042599635227,-1.213324355312047,3.5584350332194203,3.530637436184248,3.493624519081606,3.4477501029667694,3.4755477000019424,3.5125606171045827
70843.3734939759,-1.2052220241878173,-1.1917454067301103,-1.211330356582072,3.5414881353091285,3.5090651096074126,3.46620786816705,3.4128913084052552,3.445314334106971,3.488171575547334
71132.53012048193,-1.2060446405557699,-1.192811889194286,-1.2094412577499436,3.5221247583530153,3.484411886186082,3.4348943245467973,3.3730786929424683,3.4107915651094016,3.4603091267486863
71421.68674698795,-1.2069479515506465,-1.1937463538358475,-1.2076034821135055,3.5000029067657183,3.45626586749865,3.399191545448104,3.3277111258735927,3.37144816514066,3.428522487191206
71710.84337349398,-1.2079442254015915,-1.1945258816688853,-1.205827680429523,3.4747367832466463,3.424170864941571,3.3585641319257924,3.2761443365254697,3.326710254830545,3.3923169878463244
72000.0,-1.2090449915716908,-1.1951695976173087,-1.2040831983110005,3.4458930996926087,3.3876279838901064,3.312442791980862,3.217709133251114,3.2759742490536166,3.3511594409628604
72000.0,1.2082303270296684,1.2096560424610383,1.190411418009293,3.4659914909504606,3.4082737403643635,3.333746952024896,3.239879895915734,3.2975976465018313,3.3721244348412984
72289.15662650602,1.2087772261395826,1.1963891943201328,1.203131367040284,3.509009185271577,3.4628727622075095,3.402800827281328,3.32749752460442,3.373633947668487,3.4337058825946705
72578.31325301205,1.2079937073568554,1.195380105869211,1.2049239742739337,3.532803251984946,3.4931790453545974,3.4412614589446555,3.3764020552241933,3.4160262618545403,3.4679438482644827
72867.46987951807,1.2072036731535383,1.1946037753491,1.2064903389973611,3.553073944211053,3.5190308152933594,3.474128688765661,3.4182334202129026,3.452276549130596,3.497178675658294
73156.6265060241,1.20646125405604,1.1938468520295575,1.2079896814144016,3.5707478658886846,3.5415786353717826,3.5028257720947176,3.4547706870801522,3.4839399175970533,3.522692780874118
73445.78313253012,1.205788961062203,1.1930502246054802,1.2094586018323168,3.586194922444388,3.5612754811942455,3.527903986689061,3.486695759996262,3.511615201246404,3.544986695751588
73734.93975903615,1.2051912574200363,1.192198797538785,1.2109077325411786,3.599702004327663,3.578476030441793,3.549798524779597,3.5145504912545245,3.5357764651403953,3.564453970802591
74024.09638554217,1.2046658071128475,1.191293830832865,1.212338149554287,3.611518358955608,3.5934922816936536,3.568896732242131,3.5388212923917353,3.556847369653689,3.5814429191052115
74313.2530120482,1.2042083036651832,1.1903447092076076,1.2137447746272092,3.6218619678791772,3.606600066964264,3.585544555954405,3.559945706072245,3.5752076069871577,3.596263117997017
74602.40963855422,1.203814193663532,1.189363953986795,1.2151196398496726,3.630923624085626,3.618043003301835,3.6000501175381574,3.5783156883426828,3.591196309126473,3.6091891948901518
74891.56626506025,1.2034793558199806,1.1883692231392884,1.2164492085407295,3.638869717323549,3.628035205865481,3.6126861567225723,3.5942798553131716,3.60511436677124,3.620463415914148
75180.72289156627,1.2032005448220118,1.1873779213437812,1.2177193213342077,3.645845150989629,3.63676433518849,3.623693103193562,3.608146710751225,3.6172275265523623,3.6302987585472906
75469.8795180723,1.2029752145602515,1.1864073862130629,1.2189151867266852,3.6519759894458064,3.6443945212440076,3.6332822311105435,3.620188193276131,3.6277696614779287,3.6388819516113946
75759.03614457832,1.2028011142477721,1.1854783871117922,1.2200182861404352,3.6573711827042077,3.6510683170801723,3.641637827546394,3.6306421780809646,3.636945043705,3.6463755332387793
76048.19277108434,1.202676440780176,1.1846115454692725,1.2210098012505508,3.6621262066717524,3.6569109848326966,3.6489221864871184,3.6397184653080004,3.644933687147058,3.6529224854926343
76337.34939759035,1.2025996916598893,1.1838284426454944,1.2218696531946167,3.6663219204553323,3.662029174224476,3.6552741011790273,3.647597002022277,3.6518897482531325,3.6586448212985827
76626.50602409638,1.202569222037672,1.1831470248009777,1.2225815406613512,3.670030607606408,3.6665181718565028,3.660817491807725,3.654438396362337,3.6579508321122405,3.6636515121610187
76915.6626506024,1.2025836716135554,1.1825853321945632,1.223128783691881,3.673312526376124,3.6704578406575306,3.665656671814417,3.6603782379093595,3.663232923627953,3.6680340924710677
77204.81927710843,1.202641592267783,1.1821581867219637,1.223498008510253,3.676221200486379,3.673919049339837,3.6698841026941027,3.665536640974745,3.6678387921212887,3.6718737387670224
77493.97590361445,1.202740265312385,1.1818778317837824,1.223679690403832,3.6788030056174197,3.676963321426848,3.673580161082859,3.6700181301077186,3.671857814298292,3.67524097464228
77783.13253012048,1.2028766381301137,1.1817539848650391,1.2236671645048476,3.6810965634156916,3.6796420009570383,3.6768120104732556,3.6739101404531933,3.675364702911846,3.6781946933956293
78072.2891566265,1.203046260366536,1.181792068502099,1.223459458631365,3.6831373120146913,3.6820021137446615,3.6796410626168394,3.6772925462884722,3.678427744558502,3.680788795686325
78361.44578313253,1.2032439146733809,1.1819922493505024,1.2230616234761154,3.6849537247656876,3.684081537293359,3.682116857071156,3.6802298687376047,3.681102056209933,3.683066736432135
78650.60240963855,1.2034624795715088,1.1823425788134798,1.222492729115011,3.686572487472665,3.6859156592834768,3.6842855736847033,3.6827821742801747,3.6834390024693633,3.685069088068136
78939.75903614458,1.2036999605250667,1.1828494607150524,1.2217483662598816,3.6880155159630728,3.6875335613519713,3.6861851417059195,3.6849987886570577,3.685480743268159,3.686829162914209
79228.9156626506,1.2039575284352315,1.1835275293303762,1.220812729734392,3.6893023087665497,3.6889610572774116,3.687849150682207,3.6869233284233562,3.6872645799124957,3.6883764865077007
79518.07228915663,1.2042281464150113,1.1843625312922812,1.2197071097927075,3.690449702365339,3.6902203817064123,3.6893065059418353,3.6885933272152895,3.6888226478742165,3.6897365236387953
79807.22891566265,1.2045083137298993,1.1853490735243792,1.2184404002457219,3.691472147054973,3.6913305513017063,3.6905818450163252,3.6900407049741006,3.6901823007273675,3.690931007012748
80096.38554216867,1.2047891324119349,1.1864595286913613,1.2170491263967038,3.6923828901476003,3.6923089208929025,3.6916976046337626,3.6912944910294496,3.691368460284148,3.691979776543287
80385.5421686747,1.205062310936565,1.1876650034284184,1.2155704731350163,3.693193186699181,3.6931701522828986,3.6926726647434447,3.692379048359259,3.6924020827755415,3.692899570314996
80674.69879518072,1.205317824990862,1.1889266663415206,1.2140532961676174,3.6939129520904013,3.693927069476485,3.693523467877251,3.693315530337374,3.6933014129512904,3.693705014550525
80963.85542168675,1.2055514750289866,1.1902222895143264,1.212524022956687,3.694551327395481,3.694591415771114,3.6942650014817127,3.694123141790059,3.694083053414426,3.6944094677038284
81253.01204819277,1.20575913452913,1.1915280543575864,1.2110105986132838,3.695115977371929,3.6951729234798574,3.694909581623927,3.6948175640791145,3.6947606179711867,3.6950239598271164
81542.1686746988,1.2059462094535507,1.1928550779261407,1.2094965001203088,3.695614207251876,3.6956808095141445,3.695468786999925,3.6954134313430598,3.6953468290807927,3.69555885159501
81831.32530120482,1.2061391198939924,1.194295807952915,1.2078628596530927,3.6960523727106462,3.6961230034659684,3.695952418777785,3.695922946088793,3.6958523153334712,3.696022900021654
82120.48192771085,1.2063288790145736,1.1958273474274976,1.2061415610579285,3.6964363086354264,3.6965066853209647,3.6963693548887915,3.696357191243848,3.6962868145583094,3.6964241449904827
82409.63855421687,1.2064564684453394,1.1972262814820593,1.2046150375726012,3.6967712545789055,3.696838152580781,3.6967274589805186,3.6967261012592765,3.696659203257401,3.6967698968576634
82698.7951807229,1.2065591844804133,1.1986023982688632,1.2031362047507232,3.697062055627024,3.69712319788193,3.697033658397473,3.69703800738398,3.696976865129075,3.6970664046135315
82987.95180722892,1.2066320803197106,1.1999289829505253,1.201736724229764,3.697313167760435,3.6973670535169436,3.6972942298233193,3.6973005092514093,3.697246623494902,3.697319447188526
83277.10843373495,1.2066753418158678,1.2011947517442458,1.200427693939886,3.6975287027464523,3.6975744696178983,3.697514797590099,3.6975203199269013,3.6974745530554554,3.697534225083255
83566.26506024097,1.2066886007972824,1.2023869794242967,1.199222207278421,3.6977124554994023,3.6977497551193115,3.697700399536565,3.6977033685541127,3.6976660689342036,3.69771542451695
83855.421686747,1.2066718937832042,1.2034942948322653,1.198131598884531,3.697867998119888,3.6978969114034967,3.697855666773398,3.6978550418769536,3.6978261285933454,3.6978673732234437
84144.578313253,1.2066258005227182,1.204507275561096,1.1971647114161856,3.6979986203368496,3.6980195526335597,3.6979847204447416,3.6979800484314054,3.697959116134695,3.6979939483235125
84433.73493975904,1.2065511297779643,1.205417718670074,1.1963289390519614,3.698107383161172,3.698120985963702,3.6980912830656836,3.6980825720758004,3.6980689692732693,3.6980986721712887
84722.89156626505,1.2064489419589866,1.2062190839534332,1.1956297615875804,3.6981971320625355,3.6982042357020095,3.6981787150549446,3.6981663255510195,3.6981592219115456,3.6981847425586105
85012.04819277108,1.206320504965585,1.2069060178643023,1.1950712646701136,3.6982705799383546,3.698272158555389,3.6982501675464445,3.6982347551977557,3.6982331765807204,3.6982551675896653
85301.2048192771,1.2061674398078295,1.2074752619635107,1.1946550857286606,3.6983301814020106,3.6983272776782052,3.6983083691323024,3.69829076262135,3.698293666345155,3.698312574891057
85590.36144578313,1.2059915332485767,1.207924858599628,1.194381395651795,3.6983782538111414,3.6983719473096683,3.698355841249517,3.6983369902998517,3.6983432968013266,3.6983594028614757
85879.51807228915,1.205794664347445,1.2082547392790657,1.1942483838734879,3.698416973021197,3.698408372731779,3.6983949442351522,3.698375905195256,3.6983845054846776,3.6983979339813007
86168.67469879518,1.2055790566016151,1.2084663343317958,1.1942523965665879,3.6984482969423267,3.6984384649741826,3.698427655250374,3.698409468079417,3.6984193000475614,3.698430109771369
86457.8313253012,1.2053470136396736,1.2085625947917409,1.194388179068585,3.698474084156688,3.6984640626943293,3.6984559046148817,3.6984396332812715,3.6984496547436296,3.698457812823078
86746.98795180723,1.2051010536938314,1.2085481182648152,1.1946486155413536,3.69849601742299,3.6984867869674867,3.698481354788053,3.6984680188163748,3.6984772492718765,3.698482681451313
87036.14457831325,1.2048438566166093,1.2084290815159557,1.195024849367435,3.6985156143234303,3.6985080613804997,3.6985054306049463,3.698495951610424,3.6985035045533547,3.6985061353289095
87325.30120481928,1.2045779454546048,1.2082128039571396,1.1955070380882553,3.698534321266043,3.698529290562008,3.6985295896158625,3.698524871882247,3.698529902586282,3.6985296035324273
87614.4578313253,1.2043062784693266,1.2079085312939009,1.196082977736772,3.6985533654337863,3.6985515796821358,3.698554898360208,3.6985556993441002,3.6985574850957508,3.6985541664176775
87903.61445783133,1.2040314561180605,1.207525348664113,1.1967409827178257,3.698573903768954,3.6985760065574715,3.698582436863911,3.69858943298969,3.698587330201174,3.698580899894733
88192.77108433735,1.2037561229006386,1.2070735093197766,1.197468155279584,3.6985969582175273,3.6986035066889706,3.698613129899279,3.6986269027165144,3.698620354245072,3.6986107310347625
88481.92771084337,1.2034831436985074,1.2065650259031448,1.1982496178983473,3.6986233922164398,3.6986348306712027,3.698647684037837,3.6986686761044782,3.6986572376497144,3.6986443842830803
88771.0843373494,1.2032147256953134,1.2060093760907362,1.19907368571395,3.698654042319964,3.698670748563061,3.698686869306512,3.6987154553436112,3.6986987491005134,3.698682628357063
89060.24096385542,1.2029535519019854,1.2054195698487944,1.19992466574922,3.6986895426404045,3.6987117890528,3.698731167922406,3.698767590922975,3.6987453445105785,3.698725965640973
89349.39759036145,1.2027018189797893,1.2048068006579173,1.200789167862293,3.6987304756376935,3.698758451716967,3.698781051811242,3.698825456335111,3.698797480255836,3.698774880161561
89638.55421686747,1.2024613649931533,1.2041811412408243,1.201655281266022,3.6987773521761205,3.698811177075528,3.698836942071706,3.6988893916939523,3.6988555667945437,3.6988298017983663
89927.7108433735,1.202234034842272,1.2035536355327576,1.2025101171249701,3.6988305548765057,3.698870273991911,3.6988991193448433,3.698959589013956,3.6989198698985506,3.698891024545617
90216.86746987952,1.2020214567447107,1.2029350739388918,1.2033412568163966,3.698890405918099,3.6989359932690937,3.698967804231876,3.699036181516206,3.6989905941652124,3.698958783202428
90506.02409638555,1.2018248704336572,1.2023349346267587,1.2041379824395835,3.6989571481899013,3.699008521737137,3.6990431643203556,3.699119271310049,3.6990678977628146,3.6990332551795926
90795.18072289157,1.2016452686673451,1.2017617753136496,1.2048907435190053,3.6990309605157665,3.699087984834856,3.6991253043832706,3.6992088996973913,3.6991518753783006,3.699114555829887
91084.3373493976,1.2014833583112192,1.2012226844289242,1.2055917447598568,3.6991119639837247,3.6991744532249413,3.6992142735792766,3.699305054986304,3.699242565745086,3.6992027453907528
91373.49397590362,1.2013394718181236,1.2007237537326483,1.2062345619492272,3.69920022391429,3.6992679542452307,3.699310085963631,3.699407707489682,3.699339977158739,3.6992978454403413
91662.65060240965,1.2012137671738519,1.2002700578548822,1.206813962471266,3.6992957552537877,3.699368469287615,3.6994127108328985,3.6995167881101483,3.6994440740763186,3.6993998325310367
91951.80722891566,1.201105967202576,1.199864670719628,1.2073271495777957,3.6993985347617833,3.6994759498169048,3.699522092092209,3.6996322130332655,3.6995547979781436,3.6995086557028407
92240.9638554217,1.2010156378228323,1.1995103058831582,1.2077718437940093,3.6995085027910473,3.699590316636002,3.699638145399047,3.6997538772672574,3.699672063422306,3.6996242346592587
92530.1204819277,1.2009424057214766,1.199211045511371,1.2081443362671527,3.6996255686891106,3.6997114630119814,3.6997607590293455,3.6998816518385023,3.6997957575156346,3.699746461498268
92819.27710843374,1.2008854060560026,1.198967939511085,1.2084444419329126,3.699749620624496,3.699839270518081,3.699889816131862,3.700015415726931,3.699925765833348,3.6998752202195653
93108.43373493975,1.2008437826812046,1.198781850486902,1.2086721543318935,3.6998805245499375,3.6999735994172336,3.7000251768656653,3.700155024962905,3.70006195009561,3.700010372647179
93397.5903614458,1.2008165290002717,1.1986532492169242,1.208828009282804,3.7000181360760105,3.7001143059279,3.700166700875887,3.70030034305955,3.700204173207659,3.700151778259675
93686.7469879518,1.2008024311409222,1.1985809933659972,1.2089143629930796,3.7001623013325915,3.7002612421801047,3.7003142468116357,3.7004512397007288,3.700352298853213,3.7002992942216855
93975.90361445783,1.2007997843049665,1.1985591891179737,1.2089388140770585,3.7003128534856318,3.7004142550503123,3.7004676741150044,3.700607597160379,3.7005061955956946,3.700452776531006
94265.06024096385,1.2008069873917149,1.1985830085544869,1.2089077915537974,3.700469634922796,3.7005732025296423,3.700626852970433,3.7007693096004726,3.7006657419936264,3.7006120915528355
94554.21686746988,1.200822536018618,1.1986496008864587,1.2088256505949229,3.700632486117498,3.700737945658925,3.700791659050731,3.7009362830560786,3.7008308235146536,3.7007771101228433
94843.3734939759,1.2008447886383447,1.1987546316020428,1.2086983672596125,3.7008012571526567,3.700908359690656,3.7009619852300566,3.7011084471560345,3.7010013446180396,3.7009477190786346
95132.53012048193,1.20087218743977,1.1988941873735364,1.2085314126866942,3.700975814628847,3.7010843403976526,3.7011377470468227,3.701285759293221,3.7011772335244184,3.701123826875247
95421.68674698795,1.2009041922523382,1.199073884692324,1.208319710555339,3.7011560433075728,3.7012658037828494,3.7013188782871125,3.7014681948862735,3.701358434410998,3.7013053599067365
95710.84337349398,1.200939425765039,1.1992918928937129,1.2080664688412484,3.7013418231270983,3.701452667324054,3.7015053200445385,3.701655747152259,3.7015449029553036,3.7014922502348195
96000.0,1.2009757751118628,1.199535777696884,1.2077862346912527,3.7015330947128793,3.7016449145466996,3.701697085031012,3.7018484908932923,3.7017366710594715,3.7016845005751597
96289.15662650602,1.2010110645382803,1.1997920367998665,1.207494686161852,3.701729814922697,3.7018425495982106,3.7018942092118436,3.70204653018055,3.7019337955050347,3.701882135891402
96578.31325301205,1.2010436784320673,1.20005390831608,1.2072002007518523,3.7019319451965473,3.702045584958251,3.7020967373628353,3.7022499811489697,3.7021363413872654,3.7020851889826814
96867.46987951807,1.2010729860828555,1.200326218178655,1.2068985832384893,3.702139550390256,3.7022541430402467,3.702304827142208,3.7024590807781514,3.70234448812816,3.702293804026199
97156.6265060241,1.201097256327854,1.200600026978953,1.206600504193193,3.702352662264567,3.7024683165551098,3.7025186101878362,3.7026740464000865,3.702558392109544,3.702508098476817
97445.78313253012,1.2011153609006837,1.2008711542788446,1.206311272320472,3.702571424910343,3.7026883208258328,3.70273834680601,3.702895237643436,3.7027783417279463,3.7027283157477697
97734.93975903615,1.201126174158062,1.2011357536161769,1.2060358597257603,3.7027959948112232,3.7029143868829637,3.7029643148369686,3.7031230361530354,3.7030046440812945,3.70295471612729
98024.09638554217,1.2011285232209075,1.2013872179287932,1.2057820463502986,3.703026612477437,3.703146838609914,3.703196891205146,3.7033579358228748,3.7032377096903972,3.703187657095166
98313.2530120482,1.2011212229029882,1.2016164304049655,1.2055601341920454,3.703263607229793,3.7033860979322637,3.7034365573401753,3.7036005487067247,3.7034780580042534,3.7034275985963427
98602.40963855422,1.2011032919050157,1.2018165001326377,1.2053779954623456,3.7035073388611663,3.703632622286041,3.7036838326994093,3.7038515311186804,3.703726247693806,3.7036750372804375
98891.56626506025,1.201073867332174,1.201978167753477,1.2052457524143487,3.7037583112002794,3.703887027331036,3.7039394042342035,3.7041117270930908,3.703983010962334,3.7039306340591662
99180.72289156627,1.2010320744852085,1.2020918706428592,1.2051738423719325,3.704017045306841,3.7041499493131043,3.7042039818052657,3.704382008505969,3.7042491044997057,3.704195072007543
99469.8795180723,1.200978835011527,1.2021620996613176,1.205156852827156,3.70428429101131,3.704422274004147,3.7044785361536743,3.704663534156904,3.7045255511640676,3.7044692890145394
99759.0361445783,1.2009142350615614,1.20218446715313,1.2051990852853087,3.704560796494942,3.7047048877629325,3.704764041139543,3.704957470909246,3.7048133796412563,3.7047542262646442
100048.19277108434,1.2008392266360899,1.202152242768667,1.2053063180952428,3.704847517396716,3.7049988993550507,3.7050617023720487,3.705265237783462,3.705113855825129,3.7050510528081304
100337.34939759035,1.2007551734912985,1.2020583418046682,1.205484272204033,3.7051455306686747,3.7053055497386103,3.705372864469445,3.7055884077935617,3.705428388723628,3.7053610739927927
100626.5060240964,1.2006642085895993,1.201895597265725,1.2057379816446756,3.705456140813158,3.7056263224518213,3.7056991237215504,3.7059288259011485,3.7057586442624864,3.7056858429927573
100915.6626506024,1.2005690335312924,1.201651123402096,1.2060776305666112,3.7057808474496214,3.7059629012848427,3.7060422798128636,3.7062885473709026,3.7061064935356813,3.706027115007661
101204.81927710844,1.2004719765859608,1.2013212255482932,1.206504585365746,3.7061209028737245,3.706316711738232,3.706403866855049,3.7066693462732117,3.7064735374087023,3.7063863822918863
101493.97590361445,1.200383168645414,1.2009264189331152,1.2069881999214707,3.7064788009404293,3.706690474811165,3.706786741670144,3.70707438451217,3.7068627106414316,3.7067664437824543
101783.13253012049,1.2003052376674663,1.200460646214594,1.2075319036179395,3.7068559026310925,3.707085729728126,3.7071925552392213,3.707505559933662,3.707275732836628,3.707168907325533
102072.2891566265,1.2002493372256073,1.1999476419818809,1.208100808292511,3.707255052344856,3.707505515550422,3.707624457714169,3.707966277545641,3.7077158143400752,3.707596872176328
102361.44578313253,1.2002227862481825,1.1993978012336408,1.2086772000181762,3.707678397941933,3.7079521732694594,3.7080849056654324,3.708459253877539,3.7081854785500137,3.7080527461540393
102650.60240963855,1.2002400157988644,1.1988132757960295,1.2092444959051065,3.7081291112395687,3.708429004327409,3.708577270718009,3.708988025922289,3.7086881328344496,3.7085398664438483
102939.75903614458,1.200311962992536,1.1982018444712697,1.2097839800361945,3.7086098738324274,3.708938854315141,3.7091044927200527,3.709555749436302,3.709226768953589,3.7090611305486756
103228.9156626506,1.2004485963242522,1.1975910699413357,1.2102581212344123,3.7091244497024376,3.709485486636423,3.7096703108634523,3.7101661361067766,3.7098050991727916,3.709620274945762
103518.07228915663,1.2006607177547555,1.196997110935902,1.2106399588093424,3.7096760340091524,3.710072186383432,3.710278051165239,3.7108226182518154,3.7104264658775357,3.7102206010957293
103807.22891566265,1.2009528079802818,1.1964801807962155,1.2108647987235024,3.710268457984934,3.710702575158558,3.710931175048094,3.711528336228193,3.7110942190545675,3.710865619165033
104096.38554216867,1.2013370983524922,1.1960773300839989,1.210883359063509,3.710905232288002,3.711380055991408,3.711632997451787,3.7122864329133987,3.7118116092099913,3.711558667749612
104385.5421686747,1.2018344880078455,1.1958351422324458,1.2106281572597088,3.7115899374134917,3.7121079120347016,3.7123865954231765,3.713099551767793,3.712581577146583,3.712302893758106
104674.69879518072,1.2024258587108145,1.1956927274970073,1.210179201292178,3.712326251616983,3.7128890654711344,3.713194399192043,3.71396906512849,3.713406251274339,3.7131009175534304
104963.85542168675,1.2031118318647855,1.1957467814430065,1.2094391741922077,3.713117408503644,3.713726319331171,3.7140589181187824,3.714896860168012,3.7142879493404846,3.7139553505528737
105253.01204819277,1.2038801325901387,1.196020672844917,1.2083969820649447,3.7139662034187446,3.7146216608435227,3.714981620707458,3.715883275724755,3.7152278182999767,3.714867858436041
105542.1686746988,1.2047073655905685,1.1964870233612674,1.2071033985481636,3.714874773602348,3.715576110487064,3.7159628277475467,3.716927089936115,3.7162257530513987,3.715839035790917
105831.32530120482,1.2055698420964283,1.1971521305395174,1.205575814864054,3.7158443796659864,3.7165897979023383,3.717001966705002,3.718026169931099,3.717280751694748,3.7168685828920838
106120.48192771085,1.2064386404752852,1.1979984807423367,1.2038606662823779,3.7168750833889406,3.717661474859117,3.7180969877994974,3.7191766684810332,3.718390277010856,3.717954764070475
106409.63855421687,1.2072831711611414,1.1990050276018782,1.2020095887369802,3.717965652281805,3.7187885552426723,3.719244486794047,3.7203733306303315,3.719550427669463,3.7190944961180907
106698.7951807229,1.2080760047713885,1.2001500559019405,1.2000717268266707,3.7191136495955495,3.7199672647060074,3.7204398884166756,3.7216097567867106,3.7207561416762527,3.720283517965585
106987.9518072289,1.2087881842784638,1.2014030644267775,1.198106538794759,3.720314588887827,3.721191877432502,3.721676736313952,3.722877807438145,3.7220005188934704,3.72151566001202
107277.10843373495,1.209392028115011,1.2027336069551147,1.1961721524298743,3.7215635415248136,3.7224562705614312,3.7229482063008157,3.724169038264722,3.723276309228104,3.7227843734887203
107566.26506024096,1.2098759212903236,1.2041180943088998,1.194303771900776,3.7228517845313123,3.7237510600054677,3.7242445487412663,3.725472818249371,3.7245735427752154,3.7240800540394163
107855.421686747,1.2102242577769746,1.205532941125052,1.192540588597973,3.7241720573913755,3.7250682619641515,3.7255573684169123,3.72677978127866,3.7258835767058844,3.725394470253123
108144.578313253,1.210438736309581,1.2069636882169072,1.1908953629735115,3.7255135637179917,3.7263971049643922,3.7268759418279007,3.7280792640165377,3.7271957227701367,3.7267168859066278
108433.73493975904,1.210520689396233,1.208396911649641,1.1893801864541258,3.7268662679457374,3.727727753073589,3.7281905822252885,3.7293618778643216,3.728500392736469,3.72803756358477
108722.89156626505,1.210477893966506,1.2098230600744626,1.187996833459031,3.728219205131094,3.729049796053321,3.7294912424808344,3.7306183604492054,3.729787769526979,3.729346323099465
109012.0481927711,1.2103240962043724,1.2112360815492675,1.1867376097463602,3.729561656263839,3.7303535991401646,3.7307689590813826,3.7318412494162265,3.7310493065399024,3.730633946598683
109301.2048192771,1.2100749689444805,1.2126318045226687,1.1855910140328507,3.7308836353007013,3.7316302884310124,3.7320155535025865,3.7330239163644467,3.7322772632341366,3.7318919981625607
109590.36144578314,1.2097514263456637,1.21400955541273,1.1845368057416061,3.732175645830949,3.732871845628893,3.7332239210638294,3.7341613083732335,3.7334651085752886,3.7331130331403526
109879.51807228915,1.2093706342187318,1.2153656108113131,1.183561542469955,3.7334306043048904,3.7340725782210704,3.7343892223234834,3.7352505077227622,3.7346085338065813,3.7342918897041697
110168.67469879519,1.2089489826985675,1.2166952882712734,1.1826535165301588,3.734641766971614,3.735227084786267,3.7355068811775047,3.7362887955162014,3.735703477701549,3.735423681310312
110457.8313253012,1.2085019907449794,1.2179926638102583,1.1818031329447627,3.735804250519965,3.7363318336300826,3.736574193657748,3.7372753343628173,3.736747751252699,3.736505391225033
110746.98795180724,1.2080471049496766,1.2192513189788714,1.1809993635714517,3.7369157023691604,3.737385628946613,3.7375906767464584,3.7382112410610016,3.7377413144835487,3.737536266683703
111036.14457831325,1.2075967938747436,1.2204654483716648,1.1802355452535918,3.737974083081431,3.7383874972745423,3.7385560086113583,3.739097664134641,3.73868424994153,3.7385157386047148
111325.30120481928,1.207155467248369,1.2216301809827916,1.179512139268839,3.738978705640882,3.739337572125559,3.7394708163170196,3.7399363560071337,3.739577489522458,3.7394442453309993
111614.4578313253,1.2067306480435291,1.2227360317744482,1.178831107682023,3.7399305400318616,3.740237370786539,3.740336953738801,3.74072992319643,3.7404230924417545,3.7403235094894933
111903.61445783133,1.2063278355870815,1.223773716934503,1.1781962349784145,3.7408316595140074,3.7410893852147504,3.7411571680113345,3.741481686038654,3.741223960337911,3.7411561775413253
112192.77108433735,1.2059561368936145,1.2247323812385926,1.1776092693677918,3.7416851276966674,3.74189697825918,3.741935008166811,3.7421956046616978,3.741983754099183,3.7419457241915506
112481.92771084337,1.2056190464849856,1.2256064437773884,1.177072297237625,3.7424936068258288,3.742663031084671,3.742673479493845,3.742874976820231,3.742705552561387,3.742695104152213
112771.0843373494,1.2053180927912652,1.2263898614220548,1.1765898332866798,3.7432605566209602,3.7433910448552883,3.7433760999048045,3.743523367925405,3.743392879691078,3.7434078246415643
113060.24096385542,1.2050467391020865,1.227079313681372,1.1761717347165423,3.7439892625120126,3.7440841609634057,3.7440459097905663,3.7441436060945184,3.744048707643127,3.744086958815967
113349.39759036145,1.204805832703827,1.2276659235968534,1.1758260311993194,3.7446839955882205,3.7447464901015257,3.744686922087649,3.744739478617063,3.7446769841037586,3.7447365521176343
113638.55421686747,1.2045965070493347,1.2281431434784265,1.175558136972238,3.7453488650236753,3.745381936403741,3.745302912379342,3.7453144722237135,3.745281400843646,3.7453604248680428
113927.7108433735,1.2044283899125208,1.2285059317488827,1.175363465838596,3.7459873694843426,3.745993976790981,3.7458973396613295,3.745872011264327,3.745865403957689,3.745962041087341
114216.86746987952,1.2042909230660288,1.2287574052531167,1.175249459180854,3.746602667869048,3.7465854202994455,3.746472785276764,3.746414181464619,3.746431429034222,3.7465440640569057
114506.02409638555,1.2041807837300351,1.2288976624315053,1.1752193413384595,3.747198074043616,3.7471593537990855,3.7470321900664882,3.7469436029529626,3.746982323197494,3.7471094869300936
114795.18072289157,1.2040929322069474,1.2289292358327832,1.1752756194602691,3.7477766646294746,3.7477186254037016,3.7475782596028786,3.747462662365543,3.747520701591316,3.7476610673921393
115084.3373493976,1.204029193599571,1.2288530847515564,1.1754155091488718,3.7483412880882074,3.7482659044731297,3.748113551949674,3.747973668118677,3.748049051733755,3.748201404257209
115373.4939759036,1.2039891307853345,1.2286717113444359,1.1756369453702291,3.748894681017712,3.7488037292072702,3.748640481270377,3.7484787574253247,3.7485697092357664,3.7487329571726575
115662.65060240965,1.2039720982015751,1.2283907289846323,1.1759349603137925,3.749439041695367,3.749334093124889,3.7491609123423,3.7489795091822034,3.7490844577526814,3.749257638535271
115951.80722891566,1.2039738731048089,1.2280177269006225,1.1763061874945686,3.749976486794004,3.7498589359111776,3.749676674845447,3.7494775070284914,3.7495950579113164,3.7497773189770482
116240.9638554217,1.2039907718186083,1.2275607508178306,1.1767462648635603,3.750509045640226,3.750380115876698,3.750189520826055,3.749974265350339,3.7501031951138675,3.75029379016451
116530.1204819277,1.2040182930444259,1.2270312904525478,1.1772482040030254,3.7510383660115956,3.7508991641085365,3.7507009103574607,3.750471083474527,3.750610285377587,3.750808539128662
116819.27710843374,1.2040566420658825,1.226433408386658,1.177807737047459,3.7515660994421265,3.7514175961790515,3.751212276368814,3.7509692070199163,3.7511177102829896,3.751323030093227
117108.43373493975,1.2041080554158958,1.2257691871939715,1.1784205448901328,3.7520936926727098,3.751936736899486,3.751724870503858,3.751469720482208,3.7516266762554302,3.751838542651059
117397.5903614458,1.2041729641926209,1.2250456116674457,1.179079211639933,3.7526223836649457,3.752457712624177,3.752239751762953,3.751973529504138,3.752138200544906,3.752356161406131
117686.7469879518,1.2042476127207797,1.2242749693249175,1.1797752054543023,3.7531532924360125,3.7529815590452533,3.7527579053606708,3.7524815038430273,3.7526532372337864,3.7528768909183694
117975.90361445784,1.2043240470244454,1.2234753421203288,1.1804983983552246,3.7536874155163766,3.753509209097196,3.7532802261001916,3.752994451211157,3.7531726576303392,3.753401640627343
118265.06024096385,1.2043977283147027,1.2226565082645704,1.1812435509207264,3.7542257563207677,3.754041599762654,3.753807611449549,3.7535131783921702,3.7536973349502842,3.75393132326339
118554.21686746989,1.2044701408999416,1.221820937888328,1.1820067087117305,3.7547691687029814,3.7545795182828687,3.7543408100497127,3.754038343843682,3.7542279942637937,3.7544667024969502
118843.3734939759,1.2045510139577884,1.2209597437592457,1.1827870297829668,3.755318415019112,3.7551236540917077,3.754880470145822,3.7545704978340466,3.7547652587614495,3.7550084427073376
119132.53012048194,1.204642841096732,1.2200802687747556,1.1835746776285128,3.755874110344062,3.7556745864628662,3.7554271526384984,3.7551101543964767,3.7553096782776714,3.7555571121020406
119421.68674698795,1.2047370779586724,1.2191985402434922,1.1843621692978352,3.7564369242793147,3.7562329500023677,3.755981471138883,3.755657879085849,3.755861853362797,3.7561133322262816
119710.84337349398,1.2048202418704175,1.218336957628868,1.1851405880007135,3.7570074724746925,3.756799337914729,3.7565440046864795,3.7562142194978563,3.7564223540578214,3.756677687286071
120000.0,1.2049007004811516,1.2174861941928667,1.1859108928259807,3.757586254832026,3.7573742101987135,3.7571151925232016,3.756779562461975,3.756991607095288,3.7572506247708004
120289.15662650602,1.2049796859196347,1.2166492947502643,1.186668806830101,3.75817377910754,3.7579580483114543,3.7576955022877465,3.7573543408281185,3.7575700716242033,3.7578326176479115
120578.31325301205,1.2050619616073477,1.2158246548487455,1.187411171043907,3.7587704854208206,3.7585512707049205,3.7582853420668476,3.7579389346742604,3.7581581493901592,3.758424078028232
120867.46987951807,1.2051427271291077,1.2150224943617183,1.1881325660091737,3.759376803456325,3.759154293535157,3.7588851212736163,3.7585337354654125,3.75875624538658,3.759025417648121
121156.6265060241,1.2052187278782465,1.2142492905336584,1.1888297690880947,3.759993227853804,3.7597675919197577,3.75949530475347,3.759139181889736,3.7593648178237817,3.75963710499007
121445.78313253012,1.2052874864550474,1.2135073626611967,1.1895029383837554,3.7606199087563676,3.7603913118493364,3.760116036197439,3.7597554118698393,3.7599840087768706,3.760259284428768
121734.93975903615,1.205354918383989,1.2127898978296916,1.190152971286319,3.7612575057761046,3.7610260892919314,3.760747942369915,3.7603830229445805,3.760614439428753,3.76089258635077
122024.09638554217,1.2054191212542584,1.2121048740805214,1.1907737921652195,3.76190611389154,3.761672019982806,3.7613911189095504,3.7610221108108277,3.761256204719561,3.761537105792817
122313.2530120482,1.205479309140332,1.2114587731096258,1.1913597052500424,3.762566023412756,3.7623293884913362,3.7620458477613843,3.7616729494048937,3.7619095843263137,3.7621931250562652
122602.40963855422,1.2055359034100344,1.2108423614498829,1.1919195226400827,3.763237827773724,3.7629987742424817,3.7627127050148332,3.762336098851403,3.762575152382646,3.762861221610294
122891.56626506025,1.2055889856984494,1.2102570250423461,1.192451776759204,3.763921621507315,3.7636802719907965,3.7633917861009336,3.763011654946803,3.7632530044633214,3.763541490353185
123180.72289156627,1.2056386864085131,1.2097026969245457,1.1929564041669414,3.76461771922308,3.7643741921729155,3.764083401119888,3.763699923017439,3.7639434500676034,3.764234241120632
123469.8795180723,1.2056843381820426,1.2091864958512877,1.1934269534666695,3.765326493711578,3.765080906023822,3.764787921564401,3.7644012718880617,3.7646468595758167,3.764939844035238
123759.0361445783,1.2057259728835141,1.2087081709669465,1.1938636436495385,3.7660480069856224,3.7658004754054955,3.7655054097696796,3.765115763930053,3.7653632955101797,3.7656583611459955
124048.19277108434,1.2057633141422386,1.2082711950174032,1.1942632783403573,3.76678271706226,3.7665333561288517,3.766236322949449,3.76584385389362,3.766093214827028,3.7663902480064317
124337.34939759035,1.2057977337103736,1.2078620975529528,1.194637956236673,3.76753084997643,3.767279773322465,3.766980889204347,3.766585771047893,3.7668368477018586,3.767135731819977
124626.5060240964,1.2058296692256008,1.207476977361045,1.1949911409133547,3.768292668684231,3.7680399896989307,3.767739373459156,3.767341781010337,3.767594459995638,3.767895076235412
124915.6626506024,1.2058591649862043,1.2071160692103555,1.1953225533034406,3.7690683924019193,3.768814226504163,3.7685119995266505,3.7681121104454465,3.7683662763432038,3.768668503320715
125204.81927710844,1.205885622244587,1.2067854291378899,1.1956267361175232,3.7698582660478177,3.7696027303383164,3.76929901654478,3.7688970107725344,3.7691525464820352,3.769456260275572
125493.97590361445,1.2059088630194033,1.2064870116097135,1.195901912870883,3.770662531641496,3.7704057449486736,3.770100671073061,3.7696967312028287,3.769953517895651,3.7702585917712645
125783.13253012049,1.2059291660184348,1.2062179753793727,1.1961506461021916,3.771481438507244,3.771223521615558,3.770917217946024,3.7705115300669743,3.770769446958661,3.771075750628195
126072.2891566265,1.205947807843353,1.2059664202223952,1.1963835594342511,3.7723152659565815,3.7720563420105306,3.7717489437394818,3.7713416989361974,3.7716006228822487,3.7719080211532976
126361.44578313254,1.205964683876532,1.205733410460475,1.1965996931629928,3.7731641218717824,3.772904315368157,3.7725959595847343,3.772187351115039,3.7724471576186636,3.772755513402087
126650.60240963855,1.205979378062165,1.205523092434155,1.1967953170036798,3.7740283365074285,3.7737677758644783,3.7734586051392687,3.773048832452796,3.773309393095746,3.7736185638209556
126939.75903614459,1.2059920815625194,1.2053339495944795,1.1969717563430011,3.774908106250144,3.7746469233189006,3.77433708396387,3.7739263513881562,3.7741875343194002,3.7744973736744307
127228.9156626506,1.2060029787246607,1.2051642399452207,1.1971305688301186,3.7758035970306785,3.7755419261767007,3.7752315678397017,3.774820083712349,3.7750817545663273,3.7753921129033268
127518.07228915663,1.2060126362419448,1.2050084449886587,1.1972767062693963,3.776715221408305,3.7764532031954157,3.7761424840682545,3.7757304668818743,3.775992485094764,3.776303204221925
127807.22891566265,1.2060208871665437,1.2048681787072064,1.1974087216262497,3.777642850824827,3.777380623880622,3.77706969951494,3.7766573646141572,3.776919591558363,3.7772305159240447
128096.38554216867,1.2060278129862756,1.2047426472440692,1.1975273272696547,3.7785867130017294,3.778324419884403,3.778013451127288,3.777601020301835,3.7778633134191617,3.7781742821762765
128385.5421686747,1.2060336536866714,1.2046295126529403,1.1976346211603879,3.779547478589691,3.7792852734332447,3.7789744367271267,3.7785621507478924,3.778824355904339,3.7791351926104566
128674.69879518072,1.206038262870203,1.2045302011429713,1.1977293234868256,3.7805247384740395,3.7802627683509273,3.779952230624664,3.7795403186835292,3.779802288806642,3.7801128265329047
128963.85542168675,1.2060419494299002,1.2044417385190151,1.1978140995510844,3.7815190185536496,3.781257441278462,3.7809473828701985,3.7805360910516708,3.780797668326858,3.781107726735122
129253.01204819277,1.2060448048009225,1.2043632443921328,1.1978897383069445,3.782530474499394,3.7822694510664916,3.781960056283645,3.781549635672603,3.7818106591055045,3.782120053888352
129542.1686746988,1.2060467270043513,1.2042956977766905,1.197955362718958,3.783558935060953,3.7832986230118832,3.7829900718572627,3.7825807681175423,3.7828410801666115,3.7831496313212325
129831.32530120482,1.206048191709163,1.2042343928817003,1.1980152029091364,3.7846053130918818,3.7843458905770766,3.784038389018343,3.783630480600567,3.7838899031153717,3.7841974046741056
130120.48192771085,1.2060489822825378,1.2041814728546476,1.1980673323628146,3.785669192853401,3.7854108286374357,3.785104570817139,3.7846983212399183,3.7849566854558834,3.7852629432761806
130409.63855421687,1.2060492159333795,1.204135684551976,1.1981128870146442,3.786750806400783,3.7864936755457657,3.786188863462557,3.7857845462389603,3.7860416770939778,3.7863464891771863
130698.7951807229,1.2060490810945124,1.204095013336814,1.1981536930686736,3.7878505268015044,3.787594814493879,3.787291662776403,3.7868895674872496,3.787145279794876,3.787448431512351
130987.95180722892,1.2060484627556682,1.204060688845911,1.1981886358984206,3.7889681263532498,3.7887140116000553,3.7884127271682226,3.7880131335873544,3.7882672483405493,3.7885685327723824
131277.10843373495,1.2060474761628752,1.204031454972442,1.1982188563646827,3.790103916894943,3.789851589172208,3.7895523920540275,3.7891555966191675,3.7894079243419037,3.789707121460084
131566.26506024098,1.2060461719329834,1.20400676002562,1.198244855541397,3.7912580353883922,3.7910076887701947,3.790710804750847,3.7903171112186076,3.790567457836806,3.790864341856155
131855.421686747,1.206044574130359,1.2039863417194876,1.1982668716501534,3.7924305469482587,3.7921823776946924,3.79188803529644,3.7914977509029977,3.7917459201565653,3.792040262554818
132144.578313253,1.206042725863803,1.2039697301961207,1.1982853314400765,3.7936215682206638,3.7933757765078404,3.793084209156149,3.7926976473709524,3.792943439083776,3.7932350064354687
132433.73493975904,1.206040670242116,1.2039564555975952,1.1983006616602885,3.7948312158517292,3.7945880057717787,3.794299451795315,3.793916932321084,3.7941601424010347,3.7944486963774997
132722.89156626505,1.2060384587380617,1.2039458632537465,1.198313465508191,3.796059407949217,3.79581898582609,3.7955336864878833,3.7951555326212856,3.795395954744413,3.7956812540826195
133012.0481927711,1.2060361410046139,1.203937338704935,1.1983243077904506,3.797306105817876,3.7970686805737808,3.796786880499594,3.7964134197054915,3.7966508449495855,3.7969326450237726
133301.2048192771,1.2060337567200936,1.2039304878940027,1.1983335428859034,3.798571507534363,3.7983372926983017,3.798059242224619,3.7976908092836656,3.7979250241197264,3.7982030745934092
133590.36144578314,1.2060313509366731,1.2039247980217802,1.1983416385415462,3.7998556836142807,3.7996248962399486,3.7993508501489943,3.798987785461869,3.799218572836202,3.799492618927156
133879.51807228915,1.2060289687065264,1.2039197562890978,1.1983490625043758,3.801158704573234,3.8009315652390185,3.8006617827587577,3.800304432346163,3.8005315716803785,3.80080135416064
134168.6746987952,1.2060265158524692,1.2039162181800074,1.1983550534675234,3.8024801463711992,3.802256874770581,3.801991614851292,3.8016403237240524,3.8018635953246704,3.802128855243959
134457.8313253012,1.2060240527955093,1.2039135198573776,1.1983602148471133,3.803820134115308,3.8036009539532154,3.803340480512313,3.802995600033118,3.8032147801952103,3.8034752536361123
134746.98795180724,1.2060216320051769,1.2039110756276037,1.1983650798672196,3.805178764668307,3.8049639034092797,3.8047084850615582,3.8043703725663223,3.80458523382535,3.8048406521730715
135036.14457831325,1.206019281170639,1.2039085433272934,1.1983699630020674,3.8065560468707877,3.806345734954147,3.8060956441710903,3.8057646617889525,3.8059749737055943,3.8062250644886504
135325.3012048193,1.2060170096069416,1.2039057928051544,1.1983749850879037,3.8079519213968167,3.8077463913532554,3.807501903452591,3.8071784167286724,3.8073839467722346,3.807628434672899
135614.4578313253,1.206014577169007,1.2039055723366954,1.1983776379942974,3.809365403443319,3.80916487790111,3.8089262573282188,3.808610616525259,3.808811142067469,3.8090497626403597
135903.6144578313,1.2060121277308657,1.2039061991449607,1.198379460624173,3.8107969328874534,3.8106016430357026,3.8103691644820246,3.8100617333646585,3.81025702321641,3.8104895017700886
136192.77108433735,1.2060096597015915,1.2039076689185828,1.1983804588798255,3.812246409943,3.8120565885378364,3.8118305289412993,3.8115316738726874,3.8117214952778506,3.811947554874388
136481.9277108434,1.2060071714902567,1.2039099773461932,1.1983806386635494,3.813713734823739,3.8135296161883154,3.813310254733337,3.8130203446751585,3.813204463310581,3.8134238247655605
136771.0843373494,1.2060046830808344,1.2039129667650506,1.1983801376541143,3.8151984470820794,3.8150202609514166,3.814807872078552,3.814527269044724,3.814705455175386,3.814917844048251
137060.2409638554,1.2060022361844207,1.2039163250790443,1.198379226236534,3.816699723064359,3.816527688386759,3.816322534753036,3.816051584196067,3.8162236188736665,3.8164287725073893
137349.39759036145,1.2059998085130026,1.2039201950888114,1.198377783898185,3.818217808971588,3.818052152167099,3.817854505381968,3.8175935645107693,3.8177592213152574,3.817956868100389
137638.5542168675,1.2059974057394676,1.2039245208528042,1.1983758609077273,3.8197524835904537,3.8195934305738377,3.819403562139733,3.8191529875477044,3.81931204056432,3.8195019089984257
137927.7108433735,1.2059950335367033,1.203929246429475,1.1983735075338213,3.821303525707644,3.821151301888374,3.8209694832007153,3.820729630865747,3.820881854685017,3.821063673372676
138216.8674698795,1.2059926768616227,1.203934658916119,1.198370451722258,3.822869850525739,3.8227246638874766,3.8225511470206914,3.822322345986559,3.822467532624821,3.8226410494916068
138506.02409638555,1.2059903338240314,1.2039408276093637,1.198366626066605,3.8244509215502283,3.8243129733939276,3.8241480033007007,3.8239305723871557,3.8240685205434564,3.824233490636684
138795.1807228916,1.205988015263026,1.2039476110196607,1.198362161217313,3.826046732930854,3.8259162282718693,3.825760054589507,3.8255543185641976,3.825684823223183,3.8258409969055456
139084.3373493976,1.205985723216008,1.2039550134060062,1.198357050877986,3.8276569119022765,3.8275340522812575,3.8273869211681544,3.8271931995645154,3.827316059185534,3.827463190298637
139373.4939759036,1.2059834597203787,1.2039630390273952,1.1983512887522256,3.829281085699153,3.8291660691820484,3.829028223317687,3.828846830434939,3.8289618469520437,3.829099692816405
139662.65060240965,1.2059812331783566,1.203971887921986,1.1983446663996566,3.830917483043539,3.8308104723705427,3.8306821151208306,3.830513310610564,3.8306203212835603,3.830748678533273
139951.80722891568,1.2059790449436796,1.2039815433195629,1.1983371992367569,3.8325658813884145,3.8324670392462354,3.8323483743472706,3.832192417934504,3.832291260076684,3.8324099249756487
140240.9638554217,1.205976898231701,1.2039920457124176,1.1983288435558808,3.834225649142516,3.8341351288484096,3.834026349925378,3.833883486955861,3.8339740072499677,3.8340827861729996
140530.1204819277,1.2059747968944907,1.2040034551780294,1.1983195354274785,3.835896014811386,3.835813957126871,3.835715244109245,3.8355857006062832,3.835667758290798,3.8357664713084243
140819.27710843374,1.2059727430798879,1.2040159106519286,1.1983091337681826,3.837576180931276,3.8375027123350858,3.837414229620231,3.837298209636948,3.837371678233139,3.8374601609479937
141108.43373493978,1.2059707293527973,1.2040299332936286,1.1982971248535734,3.83926539067523,3.83920061843265,3.839122509888537,3.8390201880214234,3.839084960264003,3.839163068808116
141397.5903614458,1.2059687628951428,1.2040454946779255,1.1982835299269308,3.840962723268074,3.8409067403403703,3.84083913401719,3.8407506627820713,3.8408066457097756,3.8408742520329557
141686.7469879518,1.2059668451246628,1.204062801564409,1.1982681408109275,3.84266726628796,3.8426201479544826,3.8425631526194177,3.8424886573102928,3.8425357756437712,3.8425927709788352
141975.9036144578,1.2059649772854935,1.2040820806344203,1.198250729580086,3.844378068403881,3.8443398711573913,3.844293575072306,3.8442331520536444,3.8442713493001346,3.8443176453852197
142265.06024096385,1.205963162725627,1.2041034704854336,1.1982311542889392,3.8460940185634587,3.8460647705090465,3.8460292315691955,3.8459829337276483,3.8460121817820614,3.8460477207219124
142554.2168674699,1.2059614056649752,1.2041270800541597,1.1982093017808657,3.847813911343469,3.8477936071934025,3.8477688477391907,3.8477366768811194,3.847756981031185,3.8477817404853973
142843.3734939759,1.2059597062874965,1.204153221366219,1.198184859846285,3.8495367072974522,3.849525321675598,3.849511341921151,3.8494932688413224,3.8495046544631766,3.8495186342176226
143132.5301204819,1.2059580665758538,1.2041821328349285,1.1981575880892184,3.8512612234450785,3.851258702424241,3.8512554717536456,3.8512514234074438,3.8512539444282807,3.8512571750988767
143421.68674698795,1.2059564884975105,1.2042140652832212,1.198127233719269,3.8529862294939883,3.8529924889002864,3.852999944044403,3.8530098009470235,3.8530035415407253,3.8529960863966086
143710.843373494,1.2059549706174906,1.2042505688256626,1.198092248056847,3.85471029321958,3.8547251949891197,3.854743217614733,3.854766778644897,3.854751876875357,3.854733854249744
144000.0,1.2059535139439823,1.2042922720052531,1.1980520015507639,3.8564320473040277,3.8564554137162723,3.8564838435448374,3.8565208470008283,3.856497480588583,3.8564690507600186
