Time,Concentration,Voltage,JTerm
0.0,25777.5,4.204434090483501,-0.03259528263324299
158.7174348697395,25870.495664752947,4.200239419961598,-0.03259528263324299
317.434869739479,25951.09186695644,4.196739632634045,-0.03259528263324299
476.1523046092185,26031.682426631953,4.193330989566845,-0.03259528263324299
634.869739478958,26112.272678857244,4.189963159138191,-0.03259528263324299
793.5871743486974,26192.862852096132,4.18668442734696,-0.03259528263324299
952.304609218437,26273.453021020603,4.183466935674913,-0.03259528263324299
1111.0220440881765,26354.04318711782,4.180290139135096,-0.03259528263324299
1269.739478957916,26434.63335288042,4.177187225574965,-0.03259528263324299
1428.4569138276554,26515.22351838526,4.174141224607777,-0.03259528263324299
1587.1743486973949,26595.813683632347,4.171152136233533,-0.03259528263324299
1745.8917835671343,26676.4038491789,4.168205455621189,-0.03259528263324299
1904.609218436874,26756.994014887026,4.165304772360407,-0.03259528263324299
2063.3266533066135,26837.58418067159,4.162452302356391,-0.03259528263324299
2222.044088176353,26918.17434629948,4.159642876913171,-0.03259528263324299
2380.7615230460924,26998.764511722875,4.156875435823384,-0.03259528263324299
2539.478957915832,27079.354677035088,4.154152047964321,-0.03259528263324299
2698.1963927855713,27159.944842365137,4.151464808119823,-0.03259528263324299
2856.913827655311,27240.535007842816,4.148805763904598,-0.03259528263324299
3015.6312625250503,27321.125173360957,4.146181481533527,-0.03259528263324299
3174.3486973947897,27401.71533891956,4.143591961006612,-0.03259528263324299
3333.066132264529,27482.305504518623,4.141037202323852,-0.03259528263324299
3491.7835671342687,27562.89567015814,4.138517205485247,-0.03259528263324299
3650.501002004008,27643.485835823452,4.13602985510838,-0.03259528263324299
3809.218436873748,27724.07600137519,4.133555063969702,-0.03259528263324299
3967.9358717434875,27804.666166922805,4.131108608298996,-0.03259528263324299
4126.653306613227,27885.256332466306,4.128690488096265,-0.03259528263324299
4285.370741482966,27965.84649800568,4.12630070336151,-0.03259528263324299
4444.088176352706,28046.43666354093,4.1239392540947275,-0.03259528263324299
4602.805611222445,28127.026829078124,4.121596067273207,-0.03259528263324299
4761.523046092185,28207.616994617005,4.1192715565358,-0.03259528263324299
4920.240480961924,28288.20716015483,4.116970289161597,-0.03259528263324299
5078.957915831664,28368.797325691594,4.114692265150599,-0.03259528263324299
5237.675350701404,28449.3874912273,4.112437484502804,-0.03259528263324299
5396.392785571143,28529.9776567629,4.110203439869812,-0.03259528263324299
5555.110220440883,28610.567822302415,4.10797956446009,-0.03259528263324299
5713.827655310622,28691.157987842602,4.105774378651924,-0.03259528263324299
5872.5450901803615,28771.74815338346,4.103587882445315,-0.03259528263324299
6031.2625250501005,28852.338318924998,4.101420075840264,-0.03259528263324299
6189.97995991984,28932.928484467204,4.09927095883677,-0.03259528263324299
6348.697394789579,29013.518650008624,4.097134746200118,-0.03259528263324299
6507.414829659319,29094.108815549655,4.095013013509188,-0.03259528263324299
6666.132264529058,29174.698981090725,4.092907451704824,-0.03259528263324299
6824.849699398798,29255.289146631836,4.090818060787026,-0.03259528263324299
6983.567134268537,29335.879312172983,4.088744840755793,-0.03259528263324299
7142.284569138277,29416.469477714047,4.086686632664205,-0.03259528263324299
7301.002004008016,29497.05964325469,4.0846402859634505,-0.03259528263324299
7459.719438877756,29577.64980879511,4.082607578758876,-0.03259528263324299
7618.436873747496,29658.239974335258,4.08058813555895,-0.03259528263324299
7777.154308617235,29738.8301398751,4.078581580872134,-0.03259528263324299
7935.871743486975,29819.42030541459,4.076587539206895,-0.03259528263324299
8094.589178356714,29900.010470954338,4.074606925067449,-0.03259528263324299
8253.306613226454,29980.60063649414,4.07263905927232,-0.03259528263324299
8412.024048096193,30061.190802033925,4.070683495368273,-0.03259528263324299
8570.741482965932,30141.780967573726,4.068739983457878,-0.03259528263324299
8729.458917835673,30222.371133113553,4.066808273643705,-0.03259528263324299
8888.176352705412,30302.961298653427,4.064888116028324,-0.03259528263324299
9046.89378757515,30383.55146419338,4.062979260714304,-0.03259528263324299
9205.61122244489,30464.141629733436,4.061081457804219,-0.03259528263324299
9364.32865731463,30544.73179527361,4.0591944574006344,-0.03259528263324299
9523.04609218437,30625.32196081392,4.057318009606125,-0.03259528263324299
9681.763527054109,30705.912126354397,4.055451864523258,-0.03259528263324299
9840.480961923848,30786.502291894285,4.05359754665582,-0.03259528263324299
9999.198396793588,30867.09245743409,4.051753712502493,-0.03259528263324299
10157.915831663327,30947.682622973854,4.049920049219444,-0.03259528263324299
10316.633266533066,31028.27278851358,4.0480963629914415,-0.03259528263324299
10475.350701402807,31108.862954053264,4.046282460003254,-0.03259528263324299
10634.068136272546,31189.45311959291,4.044478146439647,-0.03259528263324299
10792.785571142285,31270.043285132502,4.0426832284853935,-0.03259528263324299
10951.503006012024,31350.63345067205,4.040897512325258,-0.03259528263324299
11110.220440881765,31431.223616211544,4.039120804144011,-0.03259528263324299
11268.937875751504,31511.81378175099,4.037352910126422,-0.03259528263324299
11427.655310621243,31592.40394729039,4.035593681638718,-0.03259528263324299
11586.372745490982,31672.994112830478,4.033845297689732,-0.03259528263324299
11745.090180360723,31753.584278370698,4.032105792001233,-0.03259528263324299
11903.807615230462,31834.17444391107,4.0303750248786425,-0.03259528263324299
12062.525050100201,31914.76460945161,4.02865285662738,-0.03259528263324299
12221.24248496994,31995.35477499233,4.026939147552865,-0.03259528263324299
12379.95991983968,32075.944940533245,4.025233757960517,-0.03259528263324299
12538.67735470942,32156.535106074374,4.023536548155756,-0.03259528263324299
12697.394789579159,32237.12527161572,4.021847378444002,-0.03259528263324299
12856.1122244489,32317.715437157312,4.020166109130675,-0.03259528263324299
13014.829659318639,32398.305602699154,4.018492600521195,-0.03259528263324299
13173.547094188378,32478.89576824109,4.016827034895935,-0.03259528263324299
13332.264529058117,32559.4859337818,4.015171890869646,-0.03259528263324299
13490.981963927858,32640.076099322367,4.013524930329604,-0.03259528263324299
13649.699398797597,32720.666264862775,4.011886083614226,-0.03259528263324299
13808.416833667336,32801.256430403,4.010255281061931,-0.03259528263324299
13967.134268537075,32881.846595943025,4.008632453011133,-0.03259528263324299
14125.851703406815,32962.43676148283,4.007017529800251,-0.03259528263324299
14284.569138276554,33043.02692702238,4.0054104417677,-0.03259528263324299
14443.286573146293,33123.61709256166,4.003811119251897,-0.03259528263324299
14602.004008016032,33204.20725810065,4.00221949259126,-0.03259528263324299
14760.721442885773,33284.797423639335,4.000635492124207,-0.03259528263324299
14919.438877755512,33365.38758917805,3.9990591171651526,-0.03259528263324299
15078.156312625251,33445.97775471816,3.997490548870942,-0.03259528263324299
15236.873747494992,33526.567920258436,3.99592949660411,-0.03259528263324299
15395.591182364731,33607.1580857989,3.9943758988603597,-0.03259528263324299
15554.30861723447,33687.748251339566,3.992829694135395,-0.03259528263324299
15713.02605210421,33768.33841688047,3.991290820924919,-0.03259528263324299
15871.74348697395,33848.92858242163,3.989759217724636,-0.03259528263324299
16030.460921843689,33929.51874796306,3.988234823030248,-0.03259528263324299
16189.178356713428,34010.10891350479,3.986717575337459,-0.03259528263324299
16347.895791583167,34090.69907904683,3.9852074131419712,-0.03259528263324299
16506.613226452908,34171.289244589236,3.98370427493949,-0.03259528263324299
16665.330661322645,34251.879410131514,3.9822085445788127,-0.03259528263324299
16824.048096192386,34332.46957567282,3.9807210190947386,-0.03259528263324299
16982.765531062127,34413.05974121406,3.979240771152871,-0.03259528263324299
17141.482965931864,34493.64990675523,3.9777677751341822,-0.03259528263324299
17300.200400801605,34574.24007229633,3.976302005419645,-0.03259528263324299
17458.917835671346,34654.83023783732,3.9748434363902305,-0.03259528263324299
17617.635270541083,34735.4204033782,3.973392042426911,-0.03259528263324299
17776.352705410824,34816.010568918944,3.971947797910658,-0.03259528263324299
17935.070140280564,34896.60073445955,3.9705106772224448,-0.03259528263324299
18093.7875751503,34977.19089999999,3.9690806547432413,-0.03259528263324299
18252.505010020042,35057.781065540265,3.967657704854022,-0.03259528263324299
18411.22244488978,35138.37123108034,3.966241801935757,-0.03259528263324299
18569.93987975952,35218.96139662021,3.9648329203694184,-0.03259528263324299
18728.65731462926,35299.55156215986,3.96343103453598,-0.03259528263324299
18887.374749499,35380.14172769928,3.9620361188164117,-0.03259528263324299
19046.09218436874,35460.73189323844,3.960648147591687,-0.03259528263324299
19204.80961923848,35541.322058777325,3.9592670952427764,-0.03259528263324299
19363.527054108217,35621.91222431594,3.9578929361506536,-0.03259528263324299
19522.244488977958,35702.50238985425,3.9565256446962884,-0.03259528263324299
19680.961923847695,35783.09255539225,3.9551651952606557,-0.03259528263324299
19839.679358717436,35863.68272092992,3.9538115622247254,-0.03259528263324299
19998.396793587177,35944.272886467246,3.95246471996947,-0.03259528263324299
20157.114228456914,36024.863052005516,3.951124147157719,-0.03259528263324299
20315.831663326655,36105.45321754508,3.9497896756449853,-0.03259528263324299
20474.549098196396,36186.04338308468,3.9484617557916737,-0.03259528263324299
20633.266533066133,36266.63354862433,3.9471403537272653,-0.03259528263324299
20791.983967935874,36347.22371416402,3.9458254355812423,-0.03259528263324299
20950.701402805615,36427.81387970377,3.9445169674830862,-0.03259528263324299
21109.418837675352,36508.40404524359,3.9432149155622787,-0.03259528263324299
21268.136272545093,36588.99421078345,3.9419192459483003,-0.03259528263324299
21426.85370741483,36669.5843763234,3.9406299247706333,-0.03259528263324299
21585.57114228457,36750.17454186343,3.9393469181587597,-0.03259528263324299
21744.28857715431,36830.76470740355,3.9380701922421597,-0.03259528263324299
21903.00601202405,36911.354872943746,3.936799713150316,-0.03259528263324299
22061.72344689379,36991.94503848405,3.935535447012709,-0.03259528263324299
22220.44088176353,37072.53520402446,3.9342773599588217,-0.03259528263324299
22379.158316633268,37153.12536956498,3.933025418118134,-0.03259528263324299
22537.87575150301,37233.71553510563,3.9317795876201282,-0.03259528263324299
22696.593186372746,37314.305700646386,3.930539834594286,-0.03259528263324299
22855.310621242486,37394.895866187275,3.929306125170089,-0.03259528263324299
23014.028056112227,37475.48603172832,3.9280784254770182,-0.03259528263324299
23172.745490981964,37556.07619726948,3.9268567016445552,-0.03259528263324299
23331.462925851705,37636.666362809934,3.9256405806456645,-0.03259528263324299
23490.180360721446,37717.25652835024,3.9244302557994213,-0.03259528263324299
23648.897795591183,37797.84669389057,3.9232257441524014,-0.03259528263324299
23807.615230460924,37878.4368594309,3.9220270090858125,-0.03259528263324299
23966.332665330665,37959.027024971234,3.9208340139808606,-0.03259528263324299
24125.050100200402,38039.61719051156,3.919646722218752,-0.03259528263324299
24283.767535070143,38120.207356051906,3.9184650971806945,-0.03259528263324299
24442.48496993988,38200.79752159224,3.9172891022478944,-0.03259528263324299
24601.20240480962,38281.38768713258,3.916118700801558,-0.03259528263324299
24759.91983967936,38361.97785267291,3.914953856222893,-0.03259528263324299
24918.6372745491,38442.56801821326,3.9137945318931053,-0.03259528263324299
25077.35470941884,38523.15818375359,3.9126406911934017,-0.03259528263324299
25236.07214428858,38603.74834929392,3.91149229750499,-0.03259528263324299
25394.789579158318,38684.338514834264,3.9103493142090757,-0.03259528263324299
25553.50701402806,38764.92868037459,3.909211704686866,-0.03259528263324299
25712.2244488978,38845.51884591491,3.908079432319568,-0.03259528263324299
25870.941883767537,38926.10901145522,3.9069524604883883,-0.03259528263324299
26029.659318637277,39006.699176995535,3.9058307525745337,-0.03259528263324299
26188.376753507015,39087.28934253585,3.9047142719592105,-0.03259528263324299
26347.094188376755,39167.87950807613,3.9036024125876545,-0.03259528263324299
26505.811623246496,39248.469673616346,3.902493471635586,-0.03259528263324299
26664.529058116234,39329.05983915654,3.901389238917785,-0.03259528263324299
26823.246492985974,39409.65000469672,3.9002896581933446,-0.03259528263324299
26981.963927855715,39490.240170236866,3.899194673221357,-0.03259528263324299
27140.681362725452,39570.830335777,3.8981042277609137,-0.03259528263324299
27299.398797595193,39651.4205013171,3.8970182655711083,-0.03259528263324299
27458.11623246493,39732.01066685718,3.895936730411032,-0.03259528263324299
27616.83366733467,39812.600832397235,3.8948595660397785,-0.03259528263324299
27775.551102204412,39893.190997937265,3.8937867162164386,-0.03259528263324299
27934.26853707415,39973.78116347725,3.892718124700107,-0.03259528263324299
28092.98597194389,40054.371329017216,3.8916537352498732,-0.03259528263324299
28251.70340681363,40134.96149455716,3.8905934916248324,-0.03259528263324299
28410.420841683368,40215.55166009705,3.889537337584075,-0.03259528263324299
28569.13827655311,40296.14182563692,3.8884852168866946,-0.03259528263324299
28727.85571142285,40376.73199117675,3.887437073291783,-0.03259528263324299
28886.573146292587,40457.322156716546,3.8863928505584324,-0.03259528263324299
29045.290581162328,40537.91232225629,3.8853524924457368,-0.03259528263324299
29204.008016032065,40618.502487796,3.8843159427127856,-0.03259528263324299
29362.725450901806,40699.092653335676,3.883283145118674,-0.03259528263324299
29521.442885771547,40779.68281887531,3.8822540434224933,-0.03259528263324299
29680.160320641284,40860.2729844149,3.8812285813833363,-0.03259528263324299
29838.877755511025,40940.863149954435,3.8802067027602942,-0.03259528263324299
29997.595190380765,41021.45331549401,3.879187007742007,-0.03259528263324299
30156.312625250503,41102.043481033805,3.8781657837959744,-0.03259528263324299
30315.030060120243,41182.6336465736,3.8771471586102897,-0.03259528263324299
30473.747494989984,41263.22381211339,3.876131040625263,-0.03259528263324299
30632.46492985972,41343.81397765318,3.875117338281204,-0.03259528263324299
30791.182364729462,41424.404143192965,3.8741059600184222,-0.03259528263324299
30949.8997995992,41504.994308732756,3.873096814277228,-0.03259528263324299
31108.61723446894,41585.584474272546,3.8720898094979317,-0.03259528263324299
31267.33466933868,41666.17463981232,3.871084854120842,-0.03259528263324299
31426.05210420842,41746.76480535212,3.8700818565862702,-0.03259528263324299
31584.76953907816,41827.35497089191,3.869080725334526,-0.03259528263324299
31743.4869739479,41907.9451364317,3.8680813688059192,-0.03259528263324299
31902.204408817637,41988.5353019715,3.8670836954407593,-0.03259528263324299
32060.921843687378,42069.12546751129,3.8660876136793565,-0.03259528263324299
32219.639278557115,42149.7156330511,3.8650930319620214,-0.03259528263324299
32378.356713426856,42230.30579859091,3.8640998587290634,-0.03259528263324299
32537.074148296597,42310.89596413072,3.863108002420792,-0.03259528263324299
32695.791583166334,42391.48612967054,3.862117371477518,-0.03259528263324299
32854.50901803607,42472.076295210376,3.861127874339551,-0.03259528263324299
33013.226452905816,42552.66646075022,3.8601394194472016,-0.03259528263324299
33171.94388777555,42633.25662629006,3.8591519152407785,-0.03259528263324299
33330.66132264529,42713.846791829914,3.8581652701605926,-0.03259528263324299
33489.378757515035,42794.436957369784,3.8571793926469535,-0.03259528263324299
33648.09619238477,42875.027122909676,3.8561906001216526,-0.03259528263324299
33806.81362725451,42955.617288449605,3.8551895749398084,-0.03259528263324299
33965.53106212425,43036.207453989555,3.854186987781457,-0.03259528263324299
34124.24849699399,43116.79761952952,3.853182662278051,-0.03259528263324299
34282.96593186373,43197.38778506951,3.852176422061041,-0.03259528263324299
34441.68336673347,43277.977950609515,3.851168090761877,-0.03259528263324299
34600.40080160321,43358.56811614954,3.850157492012011,-0.03259528263324299
34759.11823647295,43439.15828168959,3.849144449442894,-0.03259528263324299
34917.83567134269,43519.748447229664,3.848128786685976,-0.03259528263324299
35076.55310621243,43600.33861276976,3.8471103273727083,-0.03259528263324299
35235.270541082165,43680.92877830988,3.8460888951345416,-0.03259528263324299
35393.98797595191,43761.51894385003,3.845064313602928,-0.03259528263324299
35552.70541082165,43842.1091093902,3.844036406409317,-0.03259528263324299
35711.422845691384,43922.699274930404,3.8430049971851603,-0.03259528263324299
35870.14028056113,44003.28944047063,3.8419699095619086,-0.03259528263324299
36028.857715430866,44083.87960601088,3.8409309671710132,-0.03259528263324299
36187.5751503006,44164.46977155117,3.839887993643924,-0.03259528263324299
36346.29258517034,44245.05993709149,3.838840812612094,-0.03259528263324299
36505.010020040085,44325.65010263185,3.837789247706971,-0.03259528263324299
36663.72745490982,44406.24026817223,3.8367331225600085,-0.03259528263324299
36822.44488977956,44486.830433712654,3.8356722608026566,-0.03259528263324299
36981.1623246493,44567.42059925304,3.8345924027352023,-0.03259528263324299
37139.87975951904,44648.01076479341,3.8334927781457786,-0.03259528263324299
37298.59719438878,44728.60093033379,3.8323840778103038,-0.03259528263324299
37457.31462925852,44809.19109587421,3.8312659597286345,-0.03259528263324299
37616.03206412826,44889.78126141463,3.8301380819006274,-0.03259528263324299
37774.749498998,44970.37142695508,3.8290001023261397,-0.03259528263324299
37933.46693386774,45050.96159249555,3.827851679005027,-0.03259528263324299
38092.18436873748,45131.55175803604,3.8266924699371465,-0.03259528263324299
38250.901803607216,45212.14192357655,3.825522133122355,-0.03259528263324299
38409.61923847696,45292.73208911708,3.824340326560508,-0.03259528263324299
38568.3366733467,45373.32225465764,3.823146708251463,-0.03259528263324299
38727.054108216435,45453.91242019822,3.8219409361950767,-0.03259528263324299
38885.77154308618,45534.50258573882,3.8207226683912054,-0.03259528263324299
39044.488977955916,45615.09275127945,3.819491562839706,-0.03259528263324299
39203.20641282565,45695.68291682009,3.8182472775404346,-0.03259528263324299
39361.92384769539,45776.27308236076,3.8169894704932488,-0.03259528263324299
39520.641282565135,45856.863247901456,3.815717799698004,-0.03259528263324299
39679.35871743487,45856.863247901456,3.906588108814674,0.03259528263324299
39838.07615230461,45763.85483399359,3.9075784573381807,0.03259528263324299
39996.793587174354,45683.270598542695,3.908414949015824,0.03259528263324299
40155.51102204409,45602.68062248768,3.909239631466417,0.03259528263324299
40314.22845691383,45522.09053842691,3.9100531610101736,0.03259528263324299
40472.94589178357,45441.500380833735,3.9108590974376036,0.03259528263324299
40631.66332665331,45360.91022324056,3.9116650338650336,0.03259528263324299
40790.38076152305,45280.320059974816,3.912455319673208,0.03259528263324299
40949.09819639279,45199.729894768185,3.913240250578656,0.03259528263324299
41107.81563126253,45119.13972956156,3.9140251814841043,0.03259528263324299
41266.533066132266,45038.549564068824,3.914795465251154,0.03259528263324299
41425.25050100201,44957.95939854259,3.915564034211895,0.03259528263324299
41583.96793587175,44877.36923301605,3.916332338839835,0.03259528263324299
41742.685370741485,44796.77906748081,3.9170929692059917,0.03259528263324299
41901.40280561123,44716.188901941,3.9178495703550325,0.03259528263324299
42060.12024048097,44635.59873639662,3.9186021422869577,0.03259528263324299
42218.837675350704,44555.008570847676,3.9193506850017665,0.03259528263324299
42377.55511022044,44474.418405294164,3.9200951984994594,0.03259528263324299
42536.272545090185,44393.82823974385,3.9208380128612275,0.03259528263324299
42694.98997995992,44313.23807420875,3.921582711513525,0.03259528263324299
42853.70741482966,44232.64790867652,3.9223256116931178,0.03259528263324299
43012.424849699404,44152.057743147176,3.9230667134000057,0.03259528263324299
43171.14228456914,44071.467577620715,3.923806016634189,0.03259528263324299
43329.85971943888,43990.877412097136,3.9245435213956674,0.03259528263324299
43488.57715430862,43910.2872465635,3.925280602186188,0.03259528263324299
43647.29458917836,43829.69708102043,3.9260171903369643,0.03259528263324299
43806.0120240481,43749.10691547394,3.926752650821411,0.03259528263324299
43964.72945891784,43668.516749924,3.927486983639528,0.03259528263324299
44123.44689378758,43587.92658437063,3.928220188791316,0.03259528263324299
44282.164328657316,43507.33641881383,3.9289522662767737,0.03259528263324299
44440.88176352706,43426.746253268204,3.929691208240746,0.03259528263324299
44599.5991983968,43346.15608772451,3.9304319519264013,0.03259528263324299
44758.316633266535,43265.565922182024,3.9311741102385915,0.03259528263324299
44917.03406813628,43184.97575664076,3.9319176831773164,0.03259528263324299
45075.75150300602,43104.385591100705,3.9326626707425762,0.03259528263324299
45234.468937875754,43023.79542556187,3.9334090729343707,0.03259528263324299
45393.18637274549,42943.20526002424,3.9341568897527006,0.03259528263324299
45551.903807615236,42862.61509448784,3.934906121197565,0.03259528263324299
45710.62124248497,42782.02492895264,3.935656767268965,0.03259528263324299
45869.33867735471,42701.43476341866,3.936408827966899,0.03259528263324299
46028.056112224454,42620.84459788591,3.9371623032913687,0.03259528263324299
46186.77354709419,42540.254432349415,3.9379299520396613,0.03259528263324299
46345.49098196393,42459.6642668091,3.9387085066617797,0.03259528263324299
46504.20841683367,42379.074101268794,3.9394870612838986,0.03259528263324299
46662.92585170341,42298.48393572848,3.9402656159060174,0.03259528263324299
46821.64328657315,42217.89377018817,3.941044170528136,0.03259528263324299
46980.36072144289,42137.30360464786,3.9418227251502547,0.03259528263324299
47139.07815631263,42056.71343910755,3.942601279772373,0.03259528263324299
47297.79559118237,41976.12327356724,3.943379834394492,0.03259528263324299
47456.51302605211,41895.533108026924,3.9441583890166108,0.03259528263324299
47615.23046092185,41814.94294248662,3.944936943638729,0.03259528263324299
47773.947895791585,41734.3527769463,3.945715498260848,0.03259528263324299
47932.66533066133,41653.76261140603,3.946500895170199,0.03259528263324299
48091.38276553107,41573.17244586597,3.9473259794547553,0.03259528263324299
48250.100200400804,41492.58228032589,3.9481510637393114,0.03259528263324299
48408.81763527055,41411.99211478582,3.9489761480238674,0.03259528263324299
48567.535070140286,41331.40194924575,3.9498012323084235,0.03259528263324299
48726.25250501002,41250.811783705685,3.9506263165929796,0.03259528263324299
48884.96993987976,41170.22161816561,3.951451400877535,0.03259528263324299
49043.687374749505,41089.63145262554,3.9522764851620913,0.03259528263324299
49202.40480961924,41009.04128708547,3.9531015694466474,0.03259528263324299
49361.12224448898,40928.45112154531,3.9539334829760384,0.03259528263324299
49519.83967935872,40847.860956004726,3.9547988528119924,0.03259528263324299
49678.55711422846,40767.270790464136,3.955664222647946,0.03259528263324299
49837.2745490982,40686.680624923545,3.9565295924839,0.03259528263324299
49995.99198396794,40606.09045938296,3.957394962319854,0.03259528263324299
50154.70941883768,40525.50029384237,3.9582603321558074,0.03259528263324299
50313.42685370742,40444.91012830178,3.9591257019917614,0.03259528263324299
50472.14428857716,40364.319962761365,3.959996417949789,0.03259528263324299
50630.8617234469,40283.72979722191,3.9608983893230323,0.03259528263324299
50789.579158316636,40203.139631682454,3.9618003606962753,0.03259528263324299
50948.29659318638,40122.549466143,3.9627023320695183,0.03259528263324299
51107.01402805612,40041.959300603536,3.9636043034427617,0.03259528263324299
51265.731462925854,39961.36913506408,3.9645062748160047,0.03259528263324299
51424.4488977956,39880.778969524625,3.965408246189248,0.03259528263324299
51583.166332665336,39800.18880398397,3.966340982526847,0.03259528263324299
51741.88376753507,39719.598638443065,3.9672802470072575,0.03259528263324299
51900.60120240481,39639.008472902155,3.968219511487668,0.03259528263324299
52059.318637274555,39558.41830736125,3.9691587759680784,0.03259528263324299
52218.03607214429,39477.82814182034,3.970098040448489,0.03259528263324299
52376.75350701403,39397.23797627944,3.9710373049288994,0.03259528263324299
52535.470941883774,39316.64781073885,3.9719966015293657,0.03259528263324299
52694.18837675351,39236.05764519859,3.972975625054498,0.03259528263324299
52852.90581162325,39155.46747965833,3.97395464857963,0.03259528263324299
53011.62324649299,39074.877314118065,3.974933672104762,0.03259528263324299
53170.34068136273,38994.2871485778,3.9759126956298942,0.03259528263324299
53329.05811623247,38913.69698303754,3.976891719155027,0.03259528263324299
53487.77555110221,38833.106817497195,3.977898907841721,0.03259528263324299
53646.49298597195,38752.51665195682,3.978912496762831,0.03259528263324299
53805.210420841686,38671.92648641646,3.9799260856839407,0.03259528263324299
53963.92785571143,38591.336320876086,3.9809396746050507,0.03259528263324299
54122.64529058117,38510.74615533572,3.9819532635261603,0.03259528263324299
54281.362725450905,38430.155989795385,3.9829719914226684,0.03259528263324299
54440.08016032065,38349.56582425525,3.9840264190757204,0.03259528263324299
54598.797595190386,38268.97565871513,3.985080846728772,0.03259528263324299
54757.51503006012,38188.385493175,3.986135274381824,0.03259528263324299
54916.23246492986,38107.79532763487,3.987189702034876,0.03259528263324299
55074.949899799605,38027.205162094746,3.9882441296879274,0.03259528263324299
55233.66733466934,37946.61499655462,3.9893082184163,0.03259528263324299
55392.38476953908,37866.02483101451,3.990389949559418,0.03259528263324299
55551.102204408824,37785.434665474415,3.9914789012974263,0.03259528263324299
55709.81963927856,37704.84449993432,3.992575073630324,0.03259528263324299
55868.5370741483,37624.25433439423,3.9936784665581113,0.03259528263324299
56027.25450901804,37543.66416885416,3.994789080080788,0.03259528263324299
56185.97194388778,37463.074003314076,3.995906914198354,0.03259528263324299
56344.68937875752,37382.48383777401,3.99703196891081,0.03259528263324299
56503.40681362726,37301.89367223394,3.9981642442181555,0.03259528263324299
56662.124248497,37221.30350669388,3.9993037401203906,0.03259528263324299
56820.841683366736,37140.71334115383,4.000450456617515,0.03259528263324299
56979.55911823648,37060.123175613786,4.001604430310553,0.03259528263324299
57138.27655310622,36979.533010073654,4.002766267717094,0.03259528263324299
57296.993987975955,36898.94284453351,4.0039354345113765,0.03259528263324299
57455.7114228457,36818.35267899335,4.005111930693402,0.03259528263324299
57614.42885771544,36737.76251345319,4.006295756263169,0.03259528263324299
57773.146292585174,36657.172347913016,4.007486911220678,0.03259528263324299
57931.86372745491,36576.58218237283,4.008685395565928,0.03259528263324299
58090.581162324655,36495.99201683264,4.009891209298922,0.03259528263324299
58249.29859719439,36415.401851292445,4.0111043524196575,0.03259528263324299
58408.01603206413,36334.81168575224,4.012324824928135,0.03259528263324299
58566.733466933874,36254.22152021202,4.013552626824354,0.03259528263324299
58725.45090180361,36173.631354671794,4.014787758108316,0.03259528263324299
58884.16833667335,36093.04118913155,4.016030218780019,0.03259528263324299
59042.88577154309,36012.45102359131,4.017280008839465,0.03259528263324299
59201.60320641283,35931.860858051055,4.018537128286652,0.03259528263324299
59360.32064128257,35851.27069251079,4.019801577121582,0.03259528263324299
59519.03807615231,35770.680526970515,4.021073355344254,0.03259528263324299
59677.75551102205,35690.09036143024,4.022352462954668,0.03259528263324299
59836.47294589179,35609.500195889945,4.0236388999528225,0.03259528263324299
59995.19038076153,35528.91003034964,4.024932666338721,0.03259528263324299
60153.90781563127,35448.319864809324,4.026233762112361,0.03259528263324299
60312.625250501005,35367.72969926901,4.027542187273744,0.03259528263324299
60471.34268537075,35287.13953372868,4.028857941822867,0.03259528263324299
60630.06012024049,35206.54936818835,4.030182778664738,0.03259528263324299
60788.777555110224,35125.95920264803,4.031519307489099,0.03259528263324299
60947.49498997997,35045.3690371077,4.032863667760557,0.03259528263324299
61106.212424849706,34964.778871567374,4.034215859479111,0.03259528263324299
61264.92985971944,34884.18870602704,4.035575882644761,0.03259528263324299
61423.64729458918,34803.598540486695,4.036943737257507,0.03259528263324299
61582.364729458925,34723.00837494634,4.0383194233173505,0.03259528263324299
61741.08216432866,34642.41820940597,4.039702940824289,0.03259528263324299
61899.7995991984,34561.828043865615,4.041094289778324,0.03259528263324299
62058.51703406814,34481.237878325235,4.042493470179455,0.03259528263324299
62217.23446893788,34400.647712784856,4.0439004820276825,0.03259528263324299
62375.95190380762,34320.05754724446,4.045315325323005,0.03259528263324299
62534.66933867736,34239.467381704075,4.046738000065425,0.03259528263324299
62693.3867735471,34158.87721616367,4.0481685062549415,0.03259528263324299
62852.10420841684,34078.28705062326,4.049606843891554,0.03259528263324299
63010.82164328658,33997.69688508285,4.051053012975261,0.03259528263324299
63169.53907815632,33917.106719542426,4.052507013506067,0.03259528263324299
63328.256513026055,33836.516554001995,4.0539688454839675,0.03259528263324299
63486.9739478958,33755.926388461565,4.055438508908964,0.03259528263324299
63645.69138276554,33675.33622292112,4.056916003781057,0.03259528263324299
63804.408817635274,33594.74605738067,4.058401330100247,0.03259528263324299
63963.12625250502,33514.155891840215,4.059894487866532,0.03259528263324299
64121.843687374756,33433.56572629975,4.061395477079914,0.03259528263324299
64280.56112224449,33352.9755607594,4.06290839817293,0.03259528263324299
64439.27855711423,33272.38539521917,4.064433046674317,0.03259528263324299
64597.995991983975,33191.79522967895,4.06596617020477,0.03259528263324299
64756.71342685371,33111.20506413875,4.067507768764287,0.03259528263324299
64915.43086172345,33030.61489859855,4.06905784235287,0.03259528263324299
65074.148296593194,32950.02473305837,4.0706163909705175,0.03259528263324299
65232.86573146293,32869.4345675182,4.072183414617231,0.03259528263324299
65391.58316633267,32788.84440197805,4.073758913293009,0.03259528263324299
65550.30060120241,32708.254236437904,4.075342886997852,0.03259528263324299
65709.01803607214,32627.664070897772,4.07693533573176,0.03259528263324299
65867.73547094189,32547.073905357658,4.078536259494734,0.03259528263324299
66026.45290581163,32466.483739817555,4.080145658286773,0.03259528263324299
66185.17034068136,32385.893574277463,4.0817635321078765,0.03259528263324299
66343.8877755511,32305.303408737385,4.083389880958045,0.03259528263324299
66502.60521042085,32224.71324319732,4.08502470483728,0.03259528263324299
66661.32264529058,32144.123077657267,4.0866680037455785,0.03259528263324299
66820.04008016032,32063.53291211723,4.088319777682943,0.03259528263324299
66978.75751503007,31982.942746577202,4.089980026649372,0.03259528263324299
67137.4749498998,31902.352581037187,4.091648750644867,0.03259528263324299
67296.19238476954,31821.762415497185,4.093325949669427,0.03259528263324299
67454.90981963929,31741.1722499572,4.095011623723051,0.03259528263324299
67613.62725450902,31660.582084417223,4.096705772805741,0.03259528263324299
67772.34468937876,31579.991918877262,4.098408396917497,0.03259528263324299
67931.0621242485,31499.401753337235,4.100129875382188,0.03259528263324299
68089.77955911824,31418.811587797194,4.101863572515513,0.03259528263324299
68248.49699398798,31338.221422257153,4.103606859459079,0.03259528263324299
68407.21442885773,31257.63125671712,4.105359736212883,0.03259528263324299
68565.93186372746,31177.04109117709,4.107122202776927,0.03259528263324299
68724.6492985972,31096.450925637066,4.108894259151211,0.03259528263324299
68883.36673346694,31015.860760097043,4.110675905335734,0.03259528263324299
69042.08416833667,30935.270594557027,4.112467141330496,0.03259528263324299
69200.80160320642,30854.680429017015,4.114267967135499,0.03259528263324299
69359.51903807616,30774.090263477006,4.11607838275074,0.03259528263324299
69518.2364729459,30693.500097937005,4.117898388176222,0.03259528263324299
69676.95390781564,30612.909932397004,4.119727983411942,0.03259528263324299
69835.67134268538,30532.319766857014,4.1215671684579025,0.03259528263324299
69994.38877755511,30451.729601317023,4.123415943314102,0.03259528263324299
70153.10621242486,30371.139435777037,4.125274307980542,0.03259528263324299
70311.8236472946,30290.549270237047,4.1271429911925726,0.03259528263324299
70470.54108216433,30209.959104696827,4.129041883773519,0.03259528263324299
70629.25851703408,30129.368939156582,4.130952903520946,0.03259528263324299
70787.97595190382,30048.77877361631,4.132876050434853,0.03259528263324299
70946.69338677355,29968.18860807602,4.134811324515244,0.03259528263324299
71105.4108216433,29887.598442535702,4.136758725762115,0.03259528263324299
71264.12825651304,29807.008276995362,4.138718254175466,0.03259528263324299
71422.84569138277,29726.418111454994,4.1406899097553005,0.03259528263324299
71581.56312625251,29645.8279459146,4.142673692501615,0.03259528263324299
71740.28056112226,29565.237780374184,4.144669602414412,0.03259528263324299
71898.99799599199,29484.647614833742,4.1466776394936895,0.03259528263324299
72057.71543086173,29404.05744929328,4.148697803739449,0.03259528263324299
72216.43286573146,29323.467283752787,4.1507300951516894,0.03259528263324299
72375.1503006012,29242.877118212273,4.152774513730411,0.03259528263324299
72533.86773547095,29162.286952671733,4.154831059475614,0.03259528263324299
72692.58517034068,29081.69678713117,4.156899732387299,0.03259528263324299
72851.30260521043,29001.106621590676,4.158989098087327,0.03259528263324299
73010.02004008017,28920.516456050416,4.161114835811168,0.03259528263324299
73168.7374749499,28839.926290510168,4.163256489810438,0.03259528263324299
73327.45490981964,28759.336124969937,4.165414060085139,0.03259528263324299
73486.17234468939,28678.74595942972,4.16758754663527,0.03259528263324299
73644.88977955912,28598.15579388952,4.16977694946083,0.03259528263324299
73803.60721442886,28517.565628349337,4.171982268561821,0.03259528263324299
73962.3246492986,28436.97546280917,4.17420350393824,0.03259528263324299
74121.04208416834,28356.38529726902,4.17644065559009,0.03259528263324299
74279.75951903808,28275.795131728883,4.17869372351737,0.03259528263324299
74438.47695390783,28195.204966188652,4.180986095915236,0.03259528263324299
74597.19438877756,28114.614800648375,4.183307300913811,0.03259528263324299
74755.9118236473,28034.024635108086,4.18565045481228,0.03259528263324299
74914.62925851704,27953.434469567783,4.188015557610645,0.03259528263324299
75073.34669338677,27872.84430402747,4.1904026093089035,0.03259528263324299
75232.06412825652,27792.25413848714,4.192811609907055,0.03259528263324299
75390.78156312626,27711.6639729468,4.195242559405103,0.03259528263324299
75549.498997996,27631.073807406447,4.197695457803045,0.03259528263324299
75708.21643286574,27550.48364186608,4.200170305100881,0.03259528263324299
75866.93386773548,27469.893476325717,4.202676563444703,0.03259528263324299
76025.65130260521,27389.303310785377,4.205242372498668,0.03259528263324299
76184.36873747496,27308.713145245034,4.2078387027675035,0.03259528263324299
76343.0861723447,27228.122979704687,4.21046555425121,0.03259528263324299
76501.80360721443,27147.53281416434,4.213122926949788,0.03259528263324299
76660.52104208418,27066.94264862399,4.215810820863236,0.03259528263324299
76819.23847695392,26986.352483083636,4.218529235991557,0.03259528263324299
76977.95591182365,26905.76231754328,4.221278172334748,0.03259528263324299
77136.6733466934,26825.17215200292,4.224057629892811,0.03259528263324299
77295.39078156314,26744.581986462596,4.2269074921009,0.03259528263324299
77454.10821643287,26663.991820922296,4.2298201885039965,0.03259528263324299
77612.82565130261,26583.401655382,4.232776680416879,0.03259528263324299
77771.54308617236,26502.81148984172,4.235776967839546,0.03259528263324299
77930.26052104209,26422.221324301445,4.238821050771999,0.03259528263324299
78088.97795591183,26341.63115876115,4.241920337352271,0.03259528263324299
78247.69539078156,26261.040993220773,4.2450955607535645,0.03259528263324299
78406.4128256513,26180.450827680368,4.248327067678484,0.03259528263324299
78565.13026052105,26099.86066213994,4.251614858127026,0.03259528263324299
78723.84769539078,26019.27049659949,4.254958932099193,0.03259528263324299
78882.56513026053,25938.68033105901,4.258359289594983,0.03259528263324299
79041.28256513027,25858.090165518606,4.26190717132482,0.03259528263324299
79200.0,25777.499999978212,4.265540694804128,0.03259528263324299
