Cycle,Pack Capacity,"Cell 1,1"
1,26.57250697958786
2,17.83734558307737
3,17.837345582721337
4,17.837345582691373
5,17.837345582666156
6,17.837345564710674
7,17.837345564685844
8,17.837345564657486
9,17.83734556462771
10,17.83734561372137
11,17.83734566560369
12,17.837345665573448
13,17.837345665546668
14,17.83734566551888
15,17.837345665492943
16,17.837345665463634
17,17.837345665436786
18,17.837345665406783
19,17.83734566538351
20,17.837345665358267
21,17.837345665330886
22,17.837345665299054
23,17.837345665270835
24,17.837345665237162
25,17.837345665208904
26,17.837345702543235
27,17.837345702513023
28,17.83734570248745
29,17.837345702464404
30,17.837345702437425
31,17.837345702412737
32,17.837345702385825
33,17.837345702357823
34,17.837345702335607
35,17.837345702311026
36,17.837345702287884
37,17.837345702258393
38,17.837345702232074
39,17.837345702203375
40,17.837345714858856
41,17.837345714829034
42,17.83734570048837
43,17.837345700461366
44,17.837345700431825
45,17.837345700400835
46,17.83734570037299
47,17.83734570034109
48,17.837345700309303
49,17.837345700276895
50,17.83734570025113
51,17.837345700226134
52,17.837345770398247
53,17.837345770370437
54,17.83734577034719
55,17.83734570641411
56,17.837345706391137
57,17.837345706358967
58,17.837345706333746
59,17.837345706307485
60,17.83734570627966
61,17.837345706250062
62,17.837345706218407
63,17.837345706193847
64,17.83734570616354
65,17.837345706135306
66,17.837345706109083
67,17.83734570608587
68,17.83734570605878
69,17.837345706030966
70,17.837345706002782
71,17.837345705972115
72,17.837345705949822
73,17.837345705920107
74,17.83734554498089
75,17.837345544957444
76,17.837345544930926
77,17.837345544902924
78,17.837345505903755
79,17.837345553067774
80,17.837345553033717
81,17.83734555300398
82,17.837345552974444
83,17.837345552949227
84,17.837345552921143
85,17.837345552890515
86,17.837345596511305
87,17.8373455964875
88,17.83734559646109
89,17.83734559643618
90,17.837345596408543
91,17.837345596378135
92,17.837345596353437
93,17.83734564091862
94,17.837345640890494
95,17.837345640863475
96,17.837345640841036
97,17.83734564081586
98,17.837345640789632
99,17.83734563024208
100,17.83734563022117
